date,profit_rate,avg_cost,cost90_low,cost90_high,chip_concentration_90,cost70_low,cost70_high,chip_concentration_70,stock_code
2026-05-25,0.00038412423636430715,59.74,54.97,64.18,0.07732385560355753,56.98,62.26,0.044254372584623294,600660
2026-05-26,0.003043545371309181,59.74,54.77,64.1,0.07853530249359462,56.86,62.18,0.04470683478992302,600660
2026-05-27,0.0042924846335665396,59.68,54.64,64.15,0.08004126409131429,56.79,62.19,0.045442341102411944,600660
2026-05-28,0.0008862923723359791,59.65,54.45,64.09,0.08130606069871121,56.67,62.16,0.04623168710752032,600660
2026-05-29,0.02206635460498886,59.6,54.07,64.14,0.08512846483752694,56.44,62.16,0.04824532117712702,600660
2026-06-01,0.018642282670037653,59.6,53.58,64.14,0.08967564202263639,56.15,62.16,0.05086770652277504,600660
2026-06-02,0.07760319957705178,59.5,53.19,64.04,0.0925778552854112,55.65,62.16,0.05526762816313463,600660
2026-06-03,0.07686370222006905,59.5,53.19,64.04,0.0925778552854112,55.45,62.07,0.056246316491609646,600660
2026-06-04,0.06189917949871278,59.5,53.28,64.04,0.09165909657755697,55.36,62.07,0.05713377740232221,600660
2026-06-05,0.07175377599541403,59.5,53.28,64.04,0.09165909657755697,55.16,62.07,0.05891318063617078,600660
2026-06-08,0.052635009110025964,59.5,53.09,64.04,0.09349816178155917,55.06,62.07,0.05980513050892525,600660
2026-06-09,0.06954510683917904,59.5,53.09,64.04,0.09349816178155917,54.96,62.07,0.06069858427319412,600660
2026-06-10,0.05234317259622873,59.4,52.99,64.04,0.09442001998052417,54.86,62.07,0.06159354573569018,600660
2026-06-11,0.01997529957363738,59.4,52.89,64.04,0.09534343381004096,54.76,62.07,0.06249001871598466,600660
2026-06-12,0.01742828772420897,59.4,52.79,64.04,0.09626840721111149,54.57,62.07,0.06428751457287242,600660
2026-06-15,0.028667976028530957,59.4,52.69,64.04,0.09719494413806111,54.47,62.07,0.06518854515339098,600660
2026-06-16,0.00044965985671251694,59.34,52.57,63.99,0.09799922847947118,54.16,61.98,0.06739222640977365,600660
2026-06-17,0.008722682221243614,59.37,52.4,64.01,0.0996998080777974,53.95,62.02,0.06957937324107084,600660
2026-06-18,0.0007786497170526687,59.37,52.4,64.01,0.0996998080777974,53.84,62.02,0.07059980698849927,600660
2026-06-22,0.013284683094740206,59.26,52.16,63.98,0.10175767458577521,53.7,61.97,0.07152148661648308,600660
2026-06-23,0.0033836056652231596,59.26,51.81,63.98,0.10513134245136643,53.58,61.97,0.07261741793507523,600660
2026-06-24,0.0,59.22,51.01,63.94,0.11245546448310773,53.43,62.0,0.0743075962364772,600660
2026-06-25,0.006265692242293758,59.25,50.27,63.87,0.1190837953086669,53.14,61.87,0.07589541534737644,600660
2026-06-26,0.07812373186645415,59.13,49.65,63.87,0.12523043340991782,52.89,61.87,0.07823350047194143,600660
2026-06-29,0.12406604019389494,59.0,49.65,63.87,0.12523043340991782,52.64,61.87,0.08058176976067875,600660
2026-06-30,0.08043860009260055,59.0,49.65,63.87,0.12523043340991782,52.52,61.87,0.08175974428297844,600660
2026-07-01,0.06480216696426669,59.0,49.65,63.87,0.12523043340991782,52.39,61.87,0.08294028989865644,600660
2026-07-02,0.06188949562427671,58.88,49.65,63.74,0.12426843127042005,52.27,61.87,0.08412341503456286,600660
2026-07-03,0.11856852437891573,58.88,49.65,63.74,0.12426843127042005,52.02,61.87,0.08649743775899377,600660
2026-07-06,0.2717915790216313,58.63,49.65,63.74,0.12426843127042005,51.89,61.75,0.08668726627593554,600660
2026-07-07,0.22550670991303082,58.38,49.65,63.74,0.12426843127042005,52.02,61.75,0.0854961435766984,600660
2026-07-08,0.14370061044643492,58.25,49.65,63.74,0.12426843127042005,52.02,61.75,0.0854961435766984,600660
2026-07-09,0.10414586895999821,58.13,49.65,63.74,0.12426843127042005,51.77,61.75,0.08788100590169672,600660
2026-07-10,0.11364068237332631,58.13,49.65,63.74,0.12426843127042005,51.52,61.75,0.09027637050546854,600660
2026-07-13,0.12884704110634473,58.0,49.65,63.74,0.12426843127042005,51.4,61.75,0.09147801286507798,600660
2026-07-14,0.11909191993665495,58.0,49.77,63.62,0.12206899000899661,51.27,61.75,0.09268230691482977,600660
2026-07-15,0.26139775775108787,57.88,49.77,63.62,0.12206899000899661,51.27,61.62,0.09168010234898527,600660
2026-07-16,0.2644791961342861,57.88,49.77,63.62,0.12206899000899661,51.27,61.62,0.09168010234898527,600660
2026-07-17,0.3334535071900071,57.76,49.77,63.62,0.12206899000899661,51.27,61.62,0.09168010234898527,600660
2026-07-20,0.3858507903502192,57.76,49.77,63.62,0.12206899000899661,51.4,61.62,0.09047558532161952,600660
2026-07-21,0.37773269013076205,57.63,49.77,63.62,0.12206899000899661,51.4,61.62,0.09047558532161952,600660
2026-07-22,0.4216268047364155,57.51,49.77,63.62,0.12206899000899661,51.4,61.62,0.09047558532161952,600660
2026-07-23,0.4428117070552727,57.51,49.77,63.49,0.12110244823904315,51.52,61.62,0.08927372339844965,600660
2026-07-24,0.41926789698593875,57.38,49.77,63.49,0.12110244823904315,51.52,61.62,0.08927372339844965,600660
2026-07-27,0.3990465830586488,57.26,49.77,63.49,0.12110244823904315,51.52,61.5,0.08826886372840934,600660
2026-07-28,0.45109746825863,57.26,49.77,63.49,0.12110244823904315,51.52,61.5,0.08826886372840934,600660
2026-07-29,0.6114517724308414,57.38,49.9,63.49,0.11986954874757329,51.65,61.5,0.08706943393182125,600660
2026-07-30,0.7123205197149401,57.51,49.9,63.49,0.11986954874757329,51.65,61.5,0.08706943393182125,600660
2026-07-31,0.7017819931756687,57.51,49.9,63.37,0.11890058554378775,51.77,61.5,0.08587264511495785,600660
2026-08-03,0.5165370362484646,57.63,49.9,63.37,0.11890058554378775,51.77,61.5,0.08587264511495785,600660
2026-08-04,0.452478631929553,57.63,49.9,63.37,0.11890058554378775,51.89,61.37,0.08367078241970251,600660
2026-08-05,0.429067557908662,57.51,49.9,63.37,0.11890058554378775,51.89,61.37,0.08367078241970251,600660
2026-08-06,0.4088207312501515,57.51,49.9,63.37,0.11890058554378775,51.89,61.37,0.08367078241970251,600660
2026-08-07,0.370552333708796,57.38,49.9,63.37,0.11890058554378775,51.89,61.37,0.08367078241970251,600660
2026-08-10,0.44248394706482186,57.38,49.9,63.24,0.11792948646461865,52.02,61.37,0.08247904730337607,600660
2026-08-11,0.39639234158464837,57.26,49.9,63.24,0.11792948646461865,52.02,61.37,0.08247904730337607,600660
2026-08-12,0.3687566666266561,57.26,49.9,63.24,0.11792948646461865,52.02,61.37,0.08247904730337607,600660
2026-08-13,0.32622321690320516,57.26,49.9,63.24,0.11792948646461865,52.02,61.37,0.08247904730337607,600660
2026-08-14,0.44221145613262886,57.13,49.9,63.24,0.11792948646461865,52.02,61.37,0.08247904730337607,600660
2026-08-17,0.3966115053906903,57.13,49.9,63.24,0.11792948646461865,52.14,61.37,0.08128993045906942,600660
2026-08-18,0.43977504906220466,57.13,50.02,63.24,0.11669872284853246,52.14,61.25,0.08027960604195276,600660
2026-08-19,0.5738598432488701,57.01,50.02,63.12,0.11572519699799025,52.14,61.25,0.08027960604195276,600660
2026-08-20,0.5658729253167819,57.13,50.02,63.12,0.11572519699799025,52.14,61.25,0.08027960604195276,600660
2026-08-21,0.4751329150838062,57.13,50.02,63.12,0.11572519699799025,52.14,61.25,0.08027960604195276,600660
2026-08-24,0.44689588902802385,57.13,50.02,63.12,0.11572519699799025,52.27,61.25,0.07909290531152705,600660
2026-08-25,0.5599846696220844,57.13,50.02,62.99,0.11474952284693213,52.27,61.25,0.07909290531152705,600660
2026-08-26,0.5086999797858605,57.13,50.02,62.99,0.11474952284693213,52.27,61.25,0.07909290531152705,600660
2026-08-27,0.4718926530323152,57.13,50.02,62.99,0.11474952284693213,52.27,61.12,0.07808016478052938,600660
2026-08-28,0.525910504415032,57.13,50.02,62.99,0.11474952284693213,52.27,61.12,0.07808016478052938,600660
2026-08-31,0.4453490691114775,57.01,50.02,62.99,0.11474952284693213,52.27,61.12,0.07808016478052938,600660
2026-09-01,0.5834442314504351,57.13,50.02,62.99,0.11474952284693213,52.27,61.12,0.07808016478052938,600660
2026-09-02,0.42001966111233646,57.13,50.02,62.99,0.11474952284693213,52.27,61.12,0.07808016478052938,600660
2026-09-03,0.5000960336276633,57.01,50.02,62.99,0.11474952284693213,52.27,61.12,0.07808016478052938,600660
2026-09-04,0.532409219344848,57.01,50.02,62.87,0.11377169327645163,52.39,61.12,0.07689588016398462,600660
2026-09-07,0.35796766315508727,57.01,50.02,62.87,0.11377169327645163,52.39,61.12,0.07689588016398462,600660
2026-09-08,0.25705851598954144,57.01,50.02,62.87,0.11377169327645163,52.39,61.0,0.075880723519106,600660
2026-09-09,0.3197144897327538,57.01,50.15,62.87,0.11254280125372187,52.39,61.0,0.075880723519106,600660
2026-09-10,0.25923531963007673,57.01,50.15,62.87,0.11254280125372187,52.39,61.0,0.075880723519106,600660
2026-09-11,0.24461162136704243,57.01,50.15,62.87,0.11254280125372187,52.39,61.0,0.075880723519106,600660
2026-09-14,0.23740372467645654,56.88,50.15,62.87,0.11254280125372187,52.39,61.0,0.075880723519106,600660
2026-09-15,0.3224013017091197,56.88,50.15,62.87,0.11254280125372187,52.39,61.0,0.075880723519106,600660
2026-09-16,0.2538467487403738,56.88,50.15,62.74,0.11156253418370497,52.39,61.0,0.075880723519106,600660
2026-09-17,0.24660862917165713,56.88,50.15,62.74,0.11156253418370497,52.52,61.0,0.07469885501644219,600660
2026-09-18,0.22359410078314398,56.88,50.15,62.74,0.11156253418370497,52.52,60.87,0.07368128225768263,600660
2026-09-21,0.26267465161674947,56.76,50.15,62.74,0.11156253418370497,52.52,60.87,0.07368128225768263,600660
2026-09-22,0.2349838208048035,56.76,50.15,62.74,0.11156253418370497,52.52,60.87,0.07368128225768263,600660
2026-09-23,0.23733778356910867,56.76,50.15,62.74,0.11156253418370497,52.52,60.87,0.07368128225768263,600660
2026-09-24,0.1470685046260364,56.76,50.15,62.74,0.11156253418370497,52.52,60.87,0.07368128225768263,600660
2026-09-28,0.18544779469221775,56.76,50.15,62.74,0.11156253418370497,52.52,60.87,0.07368128225768263,600660
2026-09-29,0.18895839854235458,56.76,50.15,62.74,0.11156253418370497,52.52,60.87,0.07368128225768263,600660
