date,close,pct_change,main_net_inflow,main_net_inflow_rate,xlarge_net_inflow,xlarge_net_inflow_rate,large_net_inflow,large_net_inflow_rate,mid_net_inflow,mid_net_inflow_rate,small_net_inflow,small_net_inflow_rate,stock_code
2026-04-01,56.77,1.74,-766909.0,-0.1,15063159.0,2.02,-15830068.0,-2.13,-21426170.0,-2.88,22193080.0,2.98,600660
2026-04-02,57.14,0.65,29457586.0,4.96,-1576308.0,-0.27,31033894.0,5.23,-3739087.0,-0.63,-25718499.0,-4.33,600660
2026-04-03,56.89,-0.44,-48627852.0,-10.6,-10376384.0,-2.26,-38251468.0,-8.34,28095377.0,6.12,20532475.0,4.48,600660
2026-04-07,56.11,-1.37,-41590412.0,-8.01,-21173704.0,-4.08,-20416708.0,-3.93,8955994.0,1.72,32634417.0,6.28,600660
2026-04-08,56.85,1.32,37435596.0,5.97,4843648.0,0.77,32591948.0,5.19,438430.0,0.07,-37874027.0,-6.04,600660
2026-04-09,56.48,-0.65,8238336.0,1.69,17360496.0,3.57,-9122160.0,-1.88,5099078.0,1.05,-13337414.0,-2.74,600660
2026-04-10,56.21,-0.48,1599591.0,0.29,-9471988.0,-1.7,11071579.0,1.98,-22626400.0,-4.05,21026809.0,3.77,600660
2026-04-13,56.16,-0.09,58719024.0,11.13,9074238.0,1.72,49644786.0,9.41,-34029225.0,-6.45,-24689800.0,-4.68,600660
2026-04-14,57.37,2.15,45364606.0,5.83,50316681.0,6.47,-4952075.0,-0.64,3470864.0,0.45,-48835462.0,-6.28,600660
2026-04-15,57.83,0.8,-14309424.0,-2.24,16717672.0,2.62,-31027096.0,-4.86,25418601.0,3.98,-11109176.0,-1.74,600660
2026-04-16,57.95,0.21,-1404763.0,-0.23,21676002.0,3.62,-23080765.0,-3.85,7008369.0,1.17,-5603607.0,-0.94,600660
2026-04-17,57.59,-0.62,22831088.0,4.64,-3478976.0,-0.71,26310064.0,5.35,-12691495.0,-2.58,-10139592.0,-2.06,600660
2026-04-20,58.96,2.38,120171287.0,10.79,53590156.0,4.81,66581131.0,5.98,-81228832.0,-7.29,-38942464.0,-3.5,600660
2026-04-21,59.0,0.07,26705681.0,3.5,28773618.0,3.77,-2067937.0,-0.27,35765834.0,4.68,-62471518.0,-8.18,600660
2026-04-22,59.19,0.32,-3510978.0,-0.26,36011216.0,2.62,-39522194.0,-2.87,5974912.0,0.43,-2463920.0,-0.18,600660
2026-04-23,58.74,-0.76,-46559590.0,-6.71,-5475775.0,-0.79,-41083815.0,-5.93,15153063.0,2.19,31406527.0,4.53,600660
2026-04-24,57.83,-1.55,27810038.0,3.74,20654270.0,2.78,7155768.0,0.96,14208504.0,1.91,-42018551.0,-5.66,600660
2026-04-27,58.25,0.73,29134907.0,2.95,7808143.0,0.79,21326764.0,2.16,-31116720.0,-3.15,1981824.0,0.2,600660
2026-04-28,58.22,-0.05,-8550832.0,-1.55,-3209693.0,-0.58,-5341139.0,-0.97,22716778.0,4.11,-14165945.0,-2.57,600660
2026-04-29,58.2,-0.03,-18597089.0,-2.85,-22572574.0,-3.45,3975485.0,0.61,50413153.0,7.72,-31816064.0,-4.87,600660
2026-04-30,57.67,-0.91,27792197.0,4.72,-32581971.0,-5.54,60374168.0,10.26,56193523.0,9.55,-83985719.0,-14.27,600660
2026-05-06,58.11,0.76,91795811.0,4.3,32624067.0,1.53,59171744.0,2.77,-47624928.0,-2.23,-44170896.0,-2.07,600660
2026-05-07,58.22,0.19,-92266999.0,-6.71,59806929.0,4.35,-152073928.0,-11.06,71978720.0,5.24,20288272.0,1.48,600660
2026-05-08,58.79,0.98,25252885.0,2.38,1227081.0,0.12,24025804.0,2.26,54419824.0,5.12,-79672709.0,-7.5,600660
2026-05-11,58.2,-1.0,-78505668.0,-8.86,-44093893.0,-4.98,-34411775.0,-3.88,51676460.0,5.83,26829215.0,3.03,600660
2026-05-12,58.25,0.09,-40872444.0,-5.59,-4851484.0,-0.66,-36020960.0,-4.92,118829878.0,16.24,-77957434.0,-10.65,600660
2026-05-13,57.14,-1.91,-121853715.0,-11.89,-82549121.0,-8.05,-39304594.0,-3.83,106119904.0,10.35,15733824.0,1.54,600660
2026-05-14,56.71,-0.75,3082504.0,0.47,-21417320.0,-3.29,24499824.0,3.77,24912777.0,3.83,-27995282.0,-4.3,600660
2026-05-15,56.0,-1.25,-14483409.0,-1.63,-22023184.0,-2.48,7539775.0,0.85,111607502.0,12.58,-97124082.0,-10.95,600660
2026-05-18,55.41,-1.05,-66096205.0,-6.56,-51629645.0,-5.13,-14466560.0,-1.44,30854176.0,3.06,35242032.0,3.5,600660
2026-05-19,55.08,-0.6,-43321687.0,-7.98,-59472393.0,-10.95,16150706.0,2.97,33224894.0,6.12,10096793.0,1.86,600660
2026-05-20,54.29,-1.43,-7774890.0,-1.22,-32706042.0,-5.12,24931152.0,3.9,61834372.0,9.68,-54059482.0,-8.46,600660
2026-05-21,54.34,0.09,-32176511.0,-4.45,10945124.0,1.51,-43121635.0,-5.96,22875146.0,3.16,9301364.0,1.29,600660
2026-05-22,55.27,1.71,31464241.0,3.32,12463334.0,1.31,19000907.0,2.0,-15968080.0,-1.68,-15496176.0,-1.63,600660
2026-05-25,53.83,-2.61,-65315891.0,-8.02,-47358750.0,-5.81,-17957141.0,-2.2,71769989.0,8.81,-6454103.0,-0.79,600660
2026-05-26,53.49,-0.63,-51174005.0,-6.78,-9138856.0,-1.21,-42035149.0,-5.57,22769735.0,3.02,28404277.0,3.76,600660
2026-05-27,52.75,-1.38,-42151241.0,-5.21,24016218.0,2.97,-66167459.0,-8.18,-46762112.0,-5.78,88913351.0,10.99,600660
2026-05-28,51.99,-1.44,-62935984.0,-11.56,-15567110.0,-2.86,-47368874.0,-8.7,40205995.0,7.39,22729990.0,4.18,600660
2026-05-29,52.66,1.29,19596984.0,2.26,-35261738.0,-4.06,54858722.0,6.31,4416775.0,0.51,-24013758.0,-2.76,600660
2026-06-01,52.48,-0.34,14973867.0,2.52,-35921303.0,-6.05,50895170.0,8.57,-2762311.0,-0.47,-12211555.0,-2.06,600660
2026-06-02,54.24,3.35,64785160.0,5.93,39250148.0,3.6,25535012.0,2.34,62241920.0,5.7,-127027072.0,-11.64,600660
2026-06-03,53.88,-0.66,5769596.0,1.07,-2926822.0,-0.54,8696418.0,1.61,62410422.0,11.59,-68180018.0,-12.66,600660
2026-06-04,53.5,-0.71,15449365.0,2.88,-16870588.0,-3.15,32319953.0,6.04,19835220.0,3.7,-35284586.0,-6.59,600660
2026-06-05,53.6,0.19,186143.0,0.04,-3883854.0,-0.86,4069997.0,0.91,9036210.0,2.01,-9222354.0,-2.05,600660
2026-06-08,53.15,-0.84,-24468393.0,-4.88,-7361414.0,-1.47,-17106979.0,-3.41,20092599.0,4.01,4375795.0,0.87,600660
2026-06-09,53.41,0.49,18848791.0,3.88,-11655285.0,-2.4,30504076.0,6.28,-30794829.0,-6.34,11946037.0,2.46,600660
2026-06-10,53.05,-0.67,27926351.0,6.52,-17033029.0,-3.98,44959380.0,10.5,-51284405.0,-11.98,23358055.0,5.46,600660
2026-06-11,52.41,-1.21,-35097243.0,-7.38,-13803937.0,-2.9,-21293306.0,-4.48,-18348392.0,-3.86,53445636.0,11.24,600660
2026-06-12,52.35,-0.11,15619748.0,2.9,6308300.0,1.17,9311448.0,1.73,-9603169.0,-1.78,-6016580.0,-1.12,600660
2026-06-15,52.41,0.11,44870795.0,8.31,25945304.0,4.8,18925491.0,3.5,-6873182.0,-1.27,-37997613.0,-7.03,600660
2026-06-16,50.65,-3.36,-67928699.0,-8.1,-33764690.0,-4.03,-34164009.0,-4.07,46783862.0,5.58,21144841.0,2.52,600660
2026-06-17,50.69,0.08,-22895873.0,-4.24,-16360245.0,-3.03,-6535628.0,-1.21,15399029.0,2.85,7496843.0,1.39,600660
2026-06-18,49.95,-1.46,-35313904.0,-7.19,-22169639.0,-4.52,-13144265.0,-2.68,13029085.0,2.65,22284820.0,4.54,600660
2026-06-22,50.05,0.2,-49252762.0,-7.12,-25338607.0,-3.66,-23914155.0,-3.46,12272070.0,1.77,36980692.0,5.35,600660
2026-06-23,49.25,-1.6,280282.0,0.05,-3724668.0,-0.64,4004950.0,0.69,39746175.0,6.8,-40026459.0,-6.85,600660
2026-06-24,48.13,-2.27,28701976.0,4.61,-9659888.0,-1.55,38361864.0,6.17,-28907925.0,-4.65,205949.0,0.03,600660
2026-06-25,48.01,-0.25,-102947967.0,-12.05,-32513582.0,-3.81,-70434385.0,-8.25,51503200.0,6.03,51444765.0,6.02,600660
2026-06-26,50.43,5.04,82346106.0,5.46,-5299398.0,-0.35,87645504.0,5.81,170880928.0,11.33,-253227024.0,-16.8,600660
2026-06-29,52.15,3.41,65512293.0,4.72,31168261.0,2.24,34344032.0,2.47,144466864.0,10.4,-209979152.0,-15.11,600660
2026-06-30,50.44,-3.28,23940126.0,3.38,-1740454.0,-0.25,25680580.0,3.62,-32311041.0,-4.56,8370928.0,1.18,600660
2026-07-01,50.0,-0.87,9749624.0,1.75,-12280120.0,-2.2,22029744.0,3.95,26472492.0,4.75,-36222117.0,-6.5,600660
2026-07-02,49.81,-0.38,88692357.0,13.95,19244519.0,3.03,69447838.0,10.92,6701572.0,1.05,-95393934.0,-15.0,600660
2026-07-03,50.93,2.25,63241203.0,9.62,39854831.0,6.06,23386372.0,3.56,-19507887.0,-2.97,-43733317.0,-6.65,600660
2026-07-06,53.78,5.6,178643230.0,11.87,85064990.0,5.65,93578240.0,6.22,-29997008.0,-1.99,-148646208.0,-9.88,600660
2026-07-07,53.08,-1.3,-58475019.0,-6.07,-13766716.0,-1.43,-44708303.0,-4.64,26460416.0,2.75,32014592.0,3.32,600660
2026-07-08,51.81,-2.39,87631143.0,9.66,27968147.0,3.08,59662996.0,6.58,-43372240.0,-4.78,-44258897.0,-4.88,600660
2026-07-09,50.68,-2.18,-32344103.0,-5.51,-18338785.0,-3.12,-14005318.0,-2.38,12635892.0,2.15,19708210.0,3.36,600660
2026-07-10,50.79,0.22,35308823.0,6.03,-1725553.0,-0.29,37034376.0,6.33,-25620936.0,-4.38,-9687887.0,-1.66,600660
2026-07-13,51.0,0.41,-55531907.0,-8.37,-11701221.0,-1.76,-43830686.0,-6.61,63804358.0,9.62,-8272452.0,-1.25,600660
2026-07-14,50.7,-0.59,5437766.0,1.38,5881893.0,1.49,-444127.0,-0.11,15873305.0,4.02,-21311072.0,-5.4,600660
2026-07-15,52.9,4.34,18364093.0,2.01,32722452.0,3.59,-14358359.0,-1.57,-57401520.0,-6.29,39037424.0,4.28,600660
2026-07-16,53.0,0.19,7415148.0,1.07,2410914.0,0.35,5004234.0,0.72,-19453564.0,-2.8,12038420.0,1.73,600660
2026-07-17,53.88,1.66,-121846722.0,-11.07,-30425844.0,-2.76,-91420878.0,-8.31,37732448.0,3.43,84114272.0,7.64,600660
2026-07-20,54.94,1.97,-2557711.0,-0.29,-15727314.0,-1.8,13169603.0,1.51,-27947695.0,-3.19,30505392.0,3.49,600660
2026-07-21,54.8,-0.25,-42632703.0,-4.27,-16982411.0,-1.7,-25650292.0,-2.57,-36713440.0,-3.68,79346144.0,7.94,600660
2026-07-22,55.69,1.62,6192500.0,0.7,-45882952.0,-5.22,52075452.0,5.92,31586272.0,3.59,-37778783.0,-4.3,600660
2026-07-23,56.41,1.29,-37092936.0,-5.69,-21630744.0,-3.32,-15462192.0,-2.37,-22761416.0,-3.49,59854347.0,9.17,600660
2026-07-24,55.67,-1.31,-17057389.0,-3.95,-15475189.0,-3.58,-1582200.0,-0.37,23202597.0,5.37,-6145208.0,-1.42,600660
2026-07-27,55.28,-0.7,-12997406.0,-1.83,-10584422.0,-1.49,-2412984.0,-0.34,27133798.0,3.81,-14136400.0,-1.99,600660
2026-07-28,56.32,1.88,-13081197.0,-2.08,17608297.0,2.8,-30689494.0,-4.88,306617.0,0.05,12774576.0,2.03,600660
2026-07-29,59.1,4.94,-5291640.0,-0.33,-4923624.0,-0.31,-368016.0,-0.02,54174592.0,3.43,-48882944.0,-3.09,600660
2026-07-30,59.8,1.18,34674437.0,3.16,-12334501.0,-1.12,47008938.0,4.28,-24885296.0,-2.27,-9789152.0,-0.89,600660
2026-07-31,59.7,-0.17,71884515.0,7.49,2051572.0,0.21,69832943.0,7.28,-104064720.0,-10.85,32180208.0,3.35,600660
2026-08-03,57.81,-3.17,13237068.0,1.47,-22506079.0,-2.49,35743147.0,3.96,-13018096.0,-1.44,-218960.0,-0.02,600660
2026-08-04,56.93,-1.52,-73305830.0,-8.85,18077059.0,2.18,-91382889.0,-11.04,-41129193.0,-4.97,114435031.0,13.82,600660
2026-08-05,56.58,-0.61,-44290140.0,-6.11,-7183950.0,-0.99,-37106190.0,-5.12,-7832113.0,-1.08,52122260.0,7.19,600660
2026-08-06,56.05,-0.94,10240115.0,1.9,-9846964.0,-1.83,20087079.0,3.73,36277446.0,6.73,-46517562.0,-8.63,600660
2026-08-07,55.4,-1.16,-84387777.0,-12.02,-30603170.0,-4.36,-53784607.0,-7.66,-22478887.0,-3.2,106866666.0,15.22,600660
2026-08-10,56.59,2.15,-14705671.0,-2.27,-15012845.0,-2.31,307174.0,0.05,20414667.0,3.15,-5708996.0,-0.88,600660
2026-08-11,55.79,-1.41,-16380567.0,-3.5,-17140144.0,-3.67,759577.0,0.16,-10484386.0,-2.24,26864955.0,5.75,600660
2026-08-12,55.43,-0.65,-33914730.0,-7.77,-7829071.0,-1.79,-26085659.0,-5.97,-10033732.0,-2.3,43948463.0,10.07,600660
2026-08-13,54.87,-1.01,-965482.0,-0.24,-1276555.0,-0.32,311073.0,0.08,4530250.0,1.13,-3564769.0,-0.89,600660
2026-08-14,56.27,2.55,8644564.0,1.08,32916947.0,4.11,-24272383.0,-3.03,-39597192.0,-4.94,30952624.0,3.86,600660
2026-08-17,55.66,-1.08,-3814533.0,-0.75,-1940650.0,-0.38,-1873883.0,-0.37,-4390804.0,-0.86,8205337.0,1.62,600660
2026-08-18,56.16,0.9,-10012864.0,-2.43,-10731546.0,-2.61,718682.0,0.17,-16370833.0,-3.97,26383696.0,6.41,600660
2026-08-19,57.9,3.1,-114169372.0,-6.2,-86397676.0,-4.69,-27771696.0,-1.51,55949312.0,3.04,58220064.0,3.16,600660
2026-08-20,57.82,-0.14,2425939.0,0.3,3041107.0,0.38,-615168.0,-0.08,15021543.0,1.86,-17447472.0,-2.16,600660
2026-08-21,56.76,-1.83,-296033.0,-0.07,-7109516.0,-1.62,6813483.0,1.55,27501528.0,6.28,-27205495.0,-6.21,600660
2026-08-24,56.49,-0.48,-4337829.0,-1.08,-4242584.0,-1.06,-95245.0,-0.02,-12193548.0,-3.05,16531376.0,4.13,600660
2026-08-25,57.67,2.09,30341243.0,3.85,-1776600.0,-0.23,32117843.0,4.08,-14812741.0,-1.88,-15528507.0,-1.97,600660
2026-08-26,57.2,-0.81,-12068928.0,-3.65,-4704944.0,-1.42,-7363984.0,-2.23,1844058.0,0.56,10224870.0,3.09,600660
2026-08-27,56.8,-0.7,1576407.0,0.37,-10580731.0,-2.48,12157138.0,2.85,-9113740.0,-2.13,7537333.0,1.76,600660
2026-08-28,57.36,0.99,-14937487.0,-3.7,953308.0,0.24,-15890795.0,-3.93,-26466858.0,-6.55,41404345.0,10.25,600660
2026-08-31,56.59,-1.34,53600934.0,8.65,13575994.0,2.19,40024940.0,6.46,-55551784.0,-8.96,1950851.0,0.31,600660
2026-09-01,57.85,2.23,66565877.0,10.13,24399100.0,3.71,42166777.0,6.42,-50090533.0,-7.62,-16475344.0,-2.51,600660
2026-09-02,56.37,-2.56,27834538.0,5.94,2085373.0,0.44,25749165.0,5.49,4296857.0,0.92,-32131395.0,-6.85,600660
2026-09-03,57.01,1.14,237042.0,0.06,1413515.0,0.34,-1176473.0,-0.29,-19551817.0,-4.74,19314776.0,4.68,600660
2026-09-04,57.33,0.56,11535773.0,2.29,-24449045.0,-4.86,35984818.0,7.16,-7517033.0,-1.5,-4018740.0,-0.8,600660
2026-09-07,55.75,-2.76,-77720425.0,-10.48,-14110453.0,-1.9,-63609972.0,-8.58,18789077.0,2.53,58931347.0,7.95,600660
2026-09-08,54.17,-2.83,-14717208.0,-1.8,-20215832.0,-2.47,5498624.0,0.67,15281114.0,1.87,-563904.0,-0.07,600660
2026-09-09,55.14,1.79,49125336.0,8.47,21406519.0,3.69,27718817.0,4.78,-54973717.0,-9.48,5848381.0,1.01,600660
2026-09-10,54.3,-1.52,-7569068.0,-1.51,-3282690.0,-0.65,-4286378.0,-0.85,-56630998.0,-11.28,64200066.0,12.78,600660
2026-09-11,54.01,-0.53,-23911238.0,-8.66,-18156217.0,-6.57,-5755021.0,-2.08,-8950790.0,-3.24,32862028.0,11.9,600660
2026-09-14,53.88,-0.24,8406154.0,3.23,-1299139.0,-0.5,9705293.0,3.73,6236838.0,2.4,-14642991.0,-5.62,600660
2026-09-15,55.03,2.13,34380348.0,4.85,-20662496.0,-2.91,55042844.0,7.76,-9023435.0,-1.27,-25356912.0,-3.58,600660
2026-09-16,54.21,-1.49,-24457231.0,-4.91,8058699.0,1.62,-32515930.0,-6.53,36184396.0,7.27,-11727166.0,-2.35,600660
2026-09-17,54.08,-0.24,-5055427.0,-1.3,-5664782.0,-1.46,609355.0,0.16,37534805.0,9.65,-32479379.0,-8.35,600660
2026-09-18,53.68,-0.74,-24944496.0,-3.92,-26872544.0,-4.22,1928048.0,0.3,-71953987.0,-11.31,96898484.0,15.23,600660
2026-09-21,54.14,0.86,14138642.0,3.34,5931574.0,1.4,8207068.0,1.94,-5220750.0,-1.23,-8917891.0,-2.11,600660
2026-09-22,53.77,-0.68,-18284363.0,-4.32,12116142.0,2.86,-30400505.0,-7.18,-6575827.0,-1.55,24860191.0,5.87,600660
2026-04-01,26.09,-0.61,-244330656.0,-10.01,-161961984.0,-6.64,-82368672.0,-3.38,11291952.0,0.46,233038704.0,9.55,600900
2026-04-02,26.22,0.5,155614912.0,7.82,-8222432.0,-0.41,163837344.0,8.24,-104512368.0,-5.25,-51102560.0,-2.57,600900
2026-04-03,25.91,-1.18,3688416.0,0.21,-15818944.0,-0.9,19507360.0,1.11,-64098896.0,-3.65,60410480.0,3.44,600900
2026-04-07,25.69,-0.85,-72822592.0,-3.78,33973936.0,1.76,-106796528.0,-5.54,-41475232.0,-2.15,114297808.0,5.93,600900
2026-04-08,25.79,0.39,-207080560.0,-9.68,-217496544.0,-10.17,10415984.0,0.49,98132592.0,4.59,108947968.0,5.1,600900
2026-04-09,25.6,-0.74,-200647984.0,-11.0,-192194688.0,-10.54,-8453296.0,-0.46,10871872.0,0.6,189776096.0,10.4,600900
2026-04-10,25.61,0.04,61692048.0,3.51,117130096.0,6.67,-55438048.0,-3.16,-95344832.0,-5.43,33652784.0,1.92,600900
2026-04-13,25.63,0.08,-12244693.0,-0.74,-64301029.0,-3.9,52056336.0,3.16,-23476576.0,-1.42,35721264.0,2.17,600900
2026-04-14,25.63,0.0,-143355920.0,-7.75,59085472.0,3.2,-202441392.0,-10.95,-11270656.0,-0.61,154626576.0,8.36,600900
2026-04-15,25.76,0.51,-4580368.0,-0.18,161143552.0,6.25,-165723920.0,-6.43,21860432.0,0.85,-17280064.0,-0.67,600900
2026-04-16,25.76,0.0,-49855120.0,-2.61,-109248768.0,-5.71,59393648.0,3.11,4265200.0,0.22,45589936.0,2.38,600900
2026-04-17,25.59,-0.66,79719984.0,3.6,44016048.0,1.99,35703936.0,1.61,-118923504.0,-5.37,39203536.0,1.77,600900
2026-04-20,26.05,1.8,367874896.0,14.49,83128720.0,3.28,284746176.0,11.22,-264357904.0,-10.42,-103516992.0,-4.08,600900
2026-04-21,26.34,1.11,213448640.0,8.73,93029072.0,3.8,120419568.0,4.92,-198413248.0,-8.11,-15035408.0,-0.61,600900
2026-04-22,26.07,-1.03,-172361312.0,-8.63,-110261488.0,-5.52,-62099824.0,-3.11,18887568.0,0.95,153473744.0,7.68,600900
2026-04-23,26.16,0.35,139081216.0,6.13,340485280.0,15.0,-201404064.0,-8.87,-199674304.0,-8.8,60593088.0,2.67,600900
2026-04-24,26.02,-0.54,23247952.0,1.54,80208368.0,5.3,-56960416.0,-3.76,-25019056.0,-1.65,1771072.0,0.12,600900
2026-04-27,25.87,-0.58,45322864.0,3.01,63988352.0,4.25,-18665488.0,-1.24,-93093056.0,-6.19,47770176.0,3.18,600900
2026-04-28,25.94,0.27,-191954544.0,-10.27,-73075120.0,-3.91,-118879424.0,-6.36,-20824048.0,-1.11,212778610.0,11.38,600900
2026-04-29,25.98,0.15,37055408.0,1.62,210793152.0,9.23,-173737744.0,-7.6,-132042800.0,-5.78,94987408.0,4.16,600900
2026-04-30,26.53,2.12,729427200.0,13.98,534631472.0,10.25,194795728.0,3.73,-467510944.0,-8.96,-261916240.0,-5.02,600900
2026-05-06,26.41,-0.45,-348003296.0,-10.36,-263880208.0,-7.85,-84123088.0,-2.5,92319056.0,2.75,255684256.0,7.61,600900
2026-05-07,26.26,-0.57,70208944.0,2.67,71800848.0,2.73,-1591904.0,-0.06,-188543728.0,-7.16,118334784.0,4.49,600900
2026-05-08,26.21,-0.19,86611328.0,3.98,174957568.0,8.05,-88346240.0,-4.06,-162270672.0,-7.47,75659328.0,3.48,600900
2026-05-11,26.22,0.04,142383552.0,5.11,203944672.0,7.32,-61561120.0,-2.21,-272714992.0,-9.78,130331424.0,4.67,600900
2026-05-12,26.25,0.11,93910432.0,3.43,63556176.0,2.32,30354256.0,1.11,-144487536.0,-5.28,50577120.0,1.85,600900
2026-05-13,26.21,-0.15,-351376096.0,-9.28,-185593632.0,-4.9,-165782464.0,-4.38,44763984.0,1.18,306612112.0,8.1,600900
2026-05-14,26.15,-0.23,-158005808.0,-5.32,-103680880.0,-3.49,-54324928.0,-1.83,-64504704.0,-2.17,222510512.0,7.49,600900
2026-05-15,26.24,0.34,244836496.0,7.65,124077568.0,3.87,120758928.0,3.77,-184066128.0,-5.75,-60770368.0,-1.9,600900
2026-05-18,26.1,-0.53,-335506640.0,-13.61,-297601584.0,-12.07,-37905056.0,-1.54,91766720.0,3.72,243739952.0,9.89,600900
2026-05-19,26.46,1.38,603111200.0,12.85,495194192.0,10.55,107917008.0,2.3,-508250880.0,-10.83,-94860320.0,-2.02,600900
2026-05-20,26.11,-1.32,-707195136.0,-20.36,-530498976.0,-15.27,-176696160.0,-5.09,203049072.0,5.85,504146080.0,14.52,600900
2026-05-21,25.87,-0.92,-264301408.0,-8.45,-228885936.0,-7.32,-35415472.0,-1.13,24407472.0,0.78,239893936.0,7.67,600900
2026-05-22,25.77,-0.39,-210711504.0,-8.65,-173279088.0,-7.11,-37432416.0,-1.54,-13505536.0,-0.55,224217040.0,9.2,600900
2026-05-25,25.88,0.43,-46509344.0,-2.07,-37924848.0,-1.69,-8584496.0,-0.38,-205420064.0,-9.15,251929392.0,11.22,600900
2026-05-26,26.35,1.82,374640320.0,8.52,282428864.0,6.42,92211456.0,2.1,-300256512.0,-6.83,-74383808.0,-1.69,600900
2026-05-27,26.45,0.38,83333536.0,2.75,147920704.0,4.89,-64587168.0,-2.13,-159073344.0,-5.26,75739808.0,2.5,600900
2026-05-28,26.43,-0.08,-80969824.0,-2.59,27299968.0,0.87,-108269792.0,-3.46,-97630144.0,-3.12,178599952.0,5.72,600900
2026-05-29,26.96,2.01,825416288.0,14.02,535859696.0,9.1,289556592.0,4.92,-194215424.0,-3.3,-631200864.0,-10.72,600900
2026-06-01,26.98,0.07,149190784.0,3.86,263111408.0,6.81,-113920624.0,-2.95,-97247472.0,-2.52,-51943312.0,-1.35,600900
2026-06-02,27.17,0.7,-148384464.0,-4.22,-91837664.0,-2.61,-56546800.0,-1.61,71536192.0,2.04,76848288.0,2.19,600900
2026-06-03,27.1,-0.26,-150782720.0,-4.76,21033088.0,0.66,-171815808.0,-5.42,14731488.0,0.46,136051248.0,4.29,600900
2026-06-04,26.93,-0.63,-114360576.0,-4.7,-48447328.0,-1.99,-65913248.0,-2.71,-70256064.0,-2.89,184616640.0,7.59,600900
2026-06-05,26.82,-0.41,-45991696.0,-1.51,-139793184.0,-4.6,93801488.0,3.08,-12852304.0,-0.42,58843984.0,1.93,600900
2026-06-08,26.72,-0.37,75898864.0,2.34,-92650144.0,-2.86,168549008.0,5.21,62611120.0,1.93,-138509984.0,-4.28,600900
2026-06-09,26.84,0.45,-87037600.0,-3.58,-122947392.0,-5.05,35909792.0,1.48,-82300208.0,-3.38,169337808.0,6.96,600900
2026-06-10,26.9,0.22,-56006624.0,-2.28,-110595600.0,-4.5,54588976.0,2.22,52612912.0,2.14,3393696.0,0.14,600900
2026-06-11,27.1,0.74,-101969696.0,-3.7,-263953568.0,-9.57,161983872.0,5.87,162695712.0,5.9,-60726032.0,-2.2,600900
2026-06-12,27.49,1.44,482922048.0,11.52,129671984.0,3.09,353250064.0,8.43,-152169232.0,-3.63,-330752848.0,-7.89,600900
2026-06-15,26.78,-2.58,-178217856.0,-3.1,188736752.0,3.29,-366954608.0,-6.39,-169414160.0,-2.95,347632032.0,6.05,600900
2026-06-16,26.4,-1.42,-457230016.0,-13.91,-299649360.0,-9.12,-157580656.0,-4.79,89160464.0,2.71,368069552.0,11.2,600900
2026-06-17,26.21,-0.72,-38528256.0,-1.38,-79587696.0,-2.85,41059440.0,1.47,-178751488.0,-6.4,217279744.0,7.77,600900
2026-06-18,25.87,-1.3,-335727408.0,-9.68,-208592720.0,-6.02,-127134688.0,-3.67,-13221440.0,-0.38,348948848.0,10.07,600900
2026-06-22,26.15,1.08,-21097872.0,-0.53,-170630064.0,-4.26,149532192.0,3.73,-85193680.0,-2.12,106291568.0,2.65,600900
2026-06-23,26.08,-0.27,-9370176.0,-0.29,-149771824.0,-4.67,140401648.0,4.38,-114254928.0,-3.56,123625104.0,3.86,600900
2026-06-24,25.81,-1.04,-73304320.0,-2.42,-77330368.0,-2.55,4026048.0,0.13,-310274816.0,-10.25,383579136.0,12.67,600900
2026-06-25,25.43,-1.47,-278404656.0,-7.99,-250765616.0,-7.2,-27639040.0,-0.79,-232050064.0,-6.66,510454720.0,14.66,600900
2026-06-26,25.86,1.69,168679184.0,4.97,79323632.0,2.34,89355552.0,2.63,-44785328.0,-1.32,-123893872.0,-3.65,600900
2026-06-29,26.05,0.73,138576080.0,4.22,-35533264.0,-1.08,174109344.0,5.3,-115846032.0,-3.53,-22730048.0,-0.69,600900
2026-06-30,25.68,-1.42,35982736.0,1.33,64066784.0,2.36,-28084048.0,-1.04,-169000064.0,-6.23,133017344.0,4.9,600900
2026-07-01,25.85,0.66,57664128.0,2.39,-47047328.0,-1.95,104711456.0,4.33,22057728.0,0.91,-79721856.0,-3.3,600900
2026-07-02,26.16,1.2,622441504.0,16.55,239756720.0,6.37,382684784.0,10.17,-188419488.0,-5.01,-434022032.0,-11.54,600900
2026-07-03,26.26,0.38,86202944.0,3.1,-73999424.0,-2.66,160202368.0,5.76,-114672064.0,-4.13,28469120.0,1.02,600900
2026-07-06,26.4,0.53,-52493392.0,-2.1,-157785776.0,-6.31,105292384.0,4.21,-2882912.0,-0.12,55376304.0,2.21,600900
2026-07-07,26.62,0.83,5249328.0,0.15,32446400.0,0.94,-27197072.0,-0.79,87509824.0,2.53,-92759136.0,-2.68,600900
2026-07-08,27.04,1.58,153580352.0,3.35,-177820736.0,-3.88,331401088.0,7.23,70849776.0,1.55,-224430144.0,-4.9,600900
2026-07-09,26.98,-0.22,-352955312.0,-10.98,-77005680.0,-2.4,-275949632.0,-8.59,175727376.0,5.47,177227936.0,5.51,600900
2026-07-10,27.24,0.96,214842240.0,5.24,218474832.0,5.32,-3632592.0,-0.09,119779696.0,2.92,-334621920.0,-8.16,600900
2026-07-13,27.63,1.43,-37970192.0,-0.67,80937872.0,1.43,-118908064.0,-2.1,500155088.0,8.82,-462184880.0,-8.15,600900
2026-07-14,27.76,0.47,-348832064.0,-7.7,-114104976.0,-2.52,-234727088.0,-5.18,436096.0,0.01,348395952.0,7.69,600900
2026-07-15,27.89,0.47,110823136.0,3.24,101956896.0,2.99,8866240.0,0.26,-100079968.0,-2.93,-10743184.0,-0.31,600900
2026-07-16,27.45,-1.58,-200744784.0,-4.85,32878672.0,0.79,-233623456.0,-5.64,129820208.0,3.14,70924560.0,1.71,600900
2026-07-17,27.99,1.97,-114451664.0,-1.68,193285840.0,2.84,-307737504.0,-4.52,114177600.0,1.68,274048.0,0.0,600900
2026-07-20,28.98,3.54,250988304.0,3.82,58239760.0,0.89,192748544.0,2.93,110394608.0,1.68,-361382912.0,-5.5,600900
2026-07-21,28.73,-0.86,-118583872.0,-1.61,9645904.0,0.13,-128229776.0,-1.74,-235053456.0,-3.19,353637328.0,4.8,600900
2026-07-22,29.09,1.25,336705152.0,6.97,316726432.0,6.55,19978720.0,0.41,-184831520.0,-3.82,-151873616.0,-3.14,600900
2026-07-23,28.94,-0.52,51720432.0,1.66,-13397792.0,-0.43,65118224.0,2.09,17930144.0,0.57,-69650592.0,-2.23,600900
2026-07-24,28.9,-0.14,81109920.0,2.75,-75509008.0,-2.56,156618928.0,5.3,117060928.0,3.96,-198170880.0,-6.71,600900
2026-07-27,28.35,-1.9,-116733424.0,-2.95,-188050560.0,-4.76,71317136.0,1.8,72190048.0,1.83,44543392.0,1.13,600900
2026-07-28,29.07,2.54,347525312.0,7.48,99395232.0,2.14,248130080.0,5.34,10409648.0,0.22,-357934960.0,-7.71,600900
2026-07-29,28.93,-0.48,98042928.0,2.58,110483808.0,2.9,-12440880.0,-0.33,80739584.0,2.12,-178782496.0,-4.7,600900
2026-07-30,29.49,1.94,636393264.0,11.23,130012240.0,2.29,506381024.0,8.94,-353628016.0,-6.24,-282765216.0,-4.99,600900
2026-07-31,29.09,-1.36,-123417120.0,-2.49,38990976.0,0.79,-162408096.0,-3.28,-19909424.0,-0.4,143326544.0,2.89,600900
2026-08-03,29.05,-0.14,-91319152.0,-3.1,-54211696.0,-1.84,-37107456.0,-1.26,78021632.0,2.65,13297520.0,0.45,600900
2026-08-04,28.3,-2.58,-443756000.0,-10.35,-26631040.0,-0.62,-417124960.0,-9.73,9827744.0,0.23,433928256.0,10.12,600900
2026-08-05,27.76,-1.91,-258476384.0,-5.74,-43169344.0,-0.96,-215307040.0,-4.78,-66042288.0,-1.47,324518688.0,7.21,600900
2026-08-06,27.75,-0.04,-267848000.0,-9.04,-145039824.0,-4.89,-122808176.0,-4.14,44169968.0,1.49,223678048.0,7.55,600900
2026-08-07,27.75,0.0,149428624.0,5.22,2189808.0,0.08,147238816.0,5.15,-166766288.0,-5.83,17337664.0,0.61,600900
2026-08-10,28.05,1.08,104136256.0,3.13,-134903440.0,-4.06,239039696.0,7.2,-78415872.0,-2.36,-25720384.0,-0.77,600900
2026-08-11,28.31,0.93,-124474208.0,-4.03,-318947104.0,-10.33,194472896.0,6.3,36309696.0,1.18,88164496.0,2.86,600900
2026-08-12,28.02,-1.02,-119080144.0,-6.16,24768176.0,1.28,-143848320.0,-7.44,-86937904.0,-4.5,206018064.0,10.66,600900
2026-08-13,28.24,0.79,-20072640.0,-0.93,-26813424.0,-1.25,6740784.0,0.31,-56188832.0,-2.61,76261456.0,3.55,600900
2026-08-14,28.1,-0.5,256536608.0,12.41,-2467312.0,-0.12,259003920.0,12.53,-112557696.0,-5.45,-143978896.0,-6.97,600900
2026-08-17,27.96,-0.5,-91902672.0,-4.36,-75512240.0,-3.58,-16390432.0,-0.78,-77921152.0,-3.69,169823840.0,8.05,600900
2026-08-18,28.12,0.57,153735696.0,7.66,49344688.0,2.46,104391008.0,5.2,-91265088.0,-4.55,-62470608.0,-3.11,600900
2026-08-19,28.42,1.07,-14994432.0,-0.41,-74430384.0,-2.05,59435952.0,1.64,146486128.0,4.04,-131491680.0,-3.63,600900
2026-08-20,28.16,-0.91,98424048.0,4.26,147643104.0,6.38,-49219056.0,-2.13,-128523136.0,-5.56,30099072.0,1.3,600900
2026-08-21,27.96,-0.71,72340698.0,4.06,129429242.0,7.27,-57088544.0,-3.21,-99105360.0,-5.57,26764672.0,1.5,600900
2026-08-24,28.15,0.68,-57619344.0,-2.19,154614000.0,5.88,-212233344.0,-8.07,90538064.0,3.44,-32918720.0,-1.25,600900
2026-08-25,28.21,0.21,-73659344.0,-2.89,-32330000.0,-1.27,-41329344.0,-1.62,76697984.0,3.01,-3038656.0,-0.12,600900
2026-08-26,28.24,0.11,-36199248.0,-1.68,-32667904.0,-1.52,-3531344.0,-0.16,68641600.0,3.18,-32442368.0,-1.51,600900
2026-08-27,28.1,-0.5,-308417648.0,-11.6,-72533184.0,-2.73,-235884464.0,-8.87,32012640.0,1.2,276405008.0,10.4,600900
2026-08-28,28.05,-0.18,-162497152.0,-8.61,-165107136.0,-8.75,2609984.0,0.14,-1210272.0,-0.06,163707440.0,8.68,600900
2026-08-31,28.09,0.14,86135120.0,3.14,41878752.0,1.52,44256368.0,1.61,-39226496.0,-1.43,-46908624.0,-1.71,600900
2026-09-01,28.4,1.1,609416960.0,17.38,392975872.0,11.2,216441088.0,6.17,-296082176.0,-8.44,-313334784.0,-8.93,600900
2026-09-02,28.72,1.13,207698512.0,5.8,157551168.0,4.4,50147344.0,1.4,-61767008.0,-1.72,-145931488.0,-4.07,600900
2026-09-03,28.44,-0.97,-331974896.0,-15.72,-186736688.0,-8.84,-145238208.0,-6.88,136100912.0,6.44,195873984.0,9.27,600900
2026-09-04,28.42,-0.07,18191392.0,0.94,15365024.0,0.79,2826368.0,0.15,53844576.0,2.77,-72035936.0,-3.71,600900
2026-09-07,27.85,-2.01,-659724688.0,-14.76,-336339344.0,-7.53,-323385344.0,-7.24,294327792.0,6.59,365396896.0,8.18,600900
2026-09-08,27.87,0.07,51459104.0,2.02,76356272.0,2.99,-24897168.0,-0.98,-186151904.0,-7.3,134692800.0,5.28,600900
2026-09-09,28.05,0.65,138930864.0,7.1,185660128.0,9.49,-46729264.0,-2.39,-147418560.0,-7.54,8487680.0,0.43,600900
2026-09-10,28.09,0.14,-5144768.0,-0.3,-94480752.0,-5.47,89335984.0,5.17,-40687776.0,-2.36,45832528.0,2.65,600900
2026-09-11,28.45,1.28,257932592.0,5.68,183784368.0,4.05,74148224.0,1.63,-233281600.0,-5.14,-24650992.0,-0.54,600900
2026-09-14,28.63,0.63,36029104.0,1.37,-79706048.0,-3.03,115735152.0,4.4,-35194320.0,-1.34,-834784.0,-0.03,600900
2026-09-15,28.5,-0.45,-184926030.0,-10.69,-92032782.0,-5.32,-92893248.0,-5.37,-38674256.0,-2.23,223600304.0,12.92,600900
2026-09-16,28.46,-0.14,15277887.0,0.93,-55636449.0,-3.4,70914336.0,4.33,18855392.0,1.15,-34133264.0,-2.08,600900
2026-09-17,28.46,0.0,35977552.0,2.03,4242848.0,0.24,31734704.0,1.79,3297344.0,0.19,-39274880.0,-2.22,600900
2026-09-18,28.27,-0.67,-103282416.0,-5.08,17723808.0,0.87,-121006224.0,-5.95,17044240.0,0.84,86238176.0,4.24,600900
2026-09-21,28.1,-0.6,193156543.0,10.31,161779343.0,8.63,31377200.0,1.67,-77833584.0,-4.15,-115322960.0,-6.16,600900
2026-09-22,28.02,-0.28,77075072.0,3.67,53734560.0,2.56,23340512.0,1.11,43823200.0,2.09,-120898272.0,-5.76,600900
2026-04-01,19.24,1.21,-172501.0,-1.15,0.0,0.0,-172501.0,-1.15,-504246.0,-3.36,676747.0,4.51,000869
2026-04-02,19.13,-0.57,-1776190.0,-10.13,-1526467.0,-8.71,-249723.0,-1.42,-65742.0,-0.38,1841932.0,10.51,000869
2026-04-03,18.91,-1.15,-1683728.0,-10.87,0.0,0.0,-1683728.0,-10.87,2599069.0,16.77,-915342.0,-5.91,000869
2026-04-07,18.88,-0.16,-370008.0,-3.4,0.0,0.0,-370008.0,-3.4,-37719.0,-0.35,407727.0,3.75,000869
2026-04-08,19.14,1.38,892390.0,6.14,0.0,0.0,892390.0,6.14,-891246.0,-6.13,-1144.0,-0.01,000869
2026-04-09,19.03,-0.57,1331505.0,8.23,1153200.0,7.13,178305.0,1.1,1478394.0,9.13,-2809900.0,-17.36,000869
2026-04-10,19.0,-0.16,-1201382.0,-4.84,-1641657.0,-6.62,440275.0,1.77,887303.0,3.58,314080.0,1.27,000869
2026-04-13,19.07,0.37,1142687.0,5.92,1419784.0,7.36,-277097.0,-1.44,-310742.0,-1.61,-831945.0,-4.31,000869
2026-04-14,19.09,0.1,-137988.0,-1.66,0.0,0.0,-137988.0,-1.66,797018.0,9.61,-659030.0,-7.94,000869
2026-04-15,19.05,-0.21,-2646661.0,-21.12,-1996355.0,-15.93,-650306.0,-5.19,2182523.0,17.41,464138.0,3.7,000869
2026-04-16,18.9,-0.79,-4801261.0,-21.74,-3377251.0,-15.29,-1424010.0,-6.45,1610446.0,7.29,3190815.0,14.45,000869
2026-04-17,18.83,-0.37,-2859152.0,-14.49,0.0,0.0,-2859152.0,-14.49,171635.0,0.87,2687519.0,13.62,000869
2026-04-20,18.85,0.11,-935823.0,-7.6,0.0,0.0,-935823.0,-7.6,102031.0,0.83,833792.0,6.77,000869
2026-04-21,18.79,-0.32,-804545.0,-5.2,0.0,0.0,-804545.0,-5.2,-1488890.0,-9.63,2293435.0,14.83,000869
2026-04-22,18.71,-0.43,-3135467.0,-27.84,0.0,0.0,-3135467.0,-27.84,819918.0,7.28,2315549.0,20.56,000869
2026-04-23,18.79,0.43,464026.0,2.74,0.0,0.0,464026.0,2.74,-355843.0,-2.1,-108183.0,-0.64,000869
2026-04-24,19.02,1.22,2002807.0,9.18,0.0,0.0,2002807.0,9.18,-2041451.0,-9.36,38644.0,0.18,000869
2026-04-27,18.88,-0.74,-3265335.0,-16.15,-1123886.0,-5.56,-2141449.0,-10.59,2240054.0,11.08,1025281.0,5.07,000869
2026-04-28,19.15,1.43,-3398067.0,-8.12,-2494957.0,-5.96,-903110.0,-2.16,-8635057.0,-20.63,12033124.0,28.75,000869
2026-04-29,19.02,-0.68,348172.0,0.88,0.0,0.0,348172.0,0.88,5084782.0,12.79,-5432955.0,-13.67,000869
2026-04-30,19.1,0.42,-252091.0,-1.19,1103489.0,5.2,-1355580.0,-6.39,859626.0,4.05,-607535.0,-2.86,000869
2026-05-06,19.06,-0.21,-1690407.0,-7.52,0.0,0.0,-1690407.0,-7.52,-2042663.0,-9.09,3733070.0,16.61,000869
2026-05-07,19.0,-0.31,161977.0,0.7,-758548.0,-3.26,920525.0,3.95,139518.0,0.6,-301494.0,-1.29,000869
2026-05-08,19.06,0.32,217359.0,0.95,767053.0,3.36,-549694.0,-2.41,-2993926.0,-13.1,2776567.0,12.15,000869
2026-05-11,19.11,0.26,457708.0,2.25,0.0,0.0,457708.0,2.25,-1953347.0,-9.62,1495639.0,7.36,000869
2026-05-12,19.02,-0.47,3570906.0,16.43,692989.0,3.19,2877917.0,13.24,-808020.0,-3.72,-2762886.0,-12.71,000869
2026-05-13,18.72,-1.58,-3024134.0,-11.76,-2821073.0,-10.97,-203061.0,-0.79,3168188.0,12.32,-144053.0,-0.56,000869
2026-05-14,18.76,0.21,3686436.0,12.82,1099614.0,3.82,2586822.0,9.0,-775502.0,-2.7,-2910934.0,-10.12,000869
2026-05-15,18.85,0.48,1863957.0,5.54,0.0,0.0,1863957.0,5.54,3812601.0,11.34,-5676559.0,-16.88,000869
2026-05-18,18.8,-0.27,-837108.0,-3.34,0.0,0.0,-837108.0,-3.34,-4569434.0,-18.26,5406543.0,21.6,000869
2026-05-19,18.92,0.64,-2936437.0,-10.76,-2126762.0,-7.8,-809675.0,-2.97,-3742059.0,-13.72,6678495.0,24.48,000869
2026-05-20,18.97,0.26,-1066941.0,-2.22,-1061391.0,-2.21,-5550.0,-0.01,944276.0,1.97,122666.0,0.26,000869
2026-05-21,18.93,-0.21,-128634.0,-0.27,-631273.0,-1.3,502639.0,1.04,-4180399.0,-8.63,4309033.0,8.9,000869
2026-05-22,18.49,-2.32,4082314.0,10.12,500429.0,1.24,3581885.0,8.88,1159158.0,2.87,-5241472.0,-13.0,000869
2026-05-25,18.33,-0.87,-1629324.0,-6.04,20350.0,0.08,-1649674.0,-6.11,-923779.0,-3.42,2553102.0,9.46,000869
2026-05-26,18.11,-1.2,-1038309.0,-4.26,-1298593.0,-5.33,260284.0,1.07,-913900.0,-3.75,1952209.0,8.01,000869
2026-05-27,17.87,-1.33,-5508301.0,-17.88,-884487.0,-2.87,-4623814.0,-15.01,1446140.0,4.69,4062161.0,13.19,000869
2026-05-28,17.57,-1.68,-2688560.0,-11.02,-4965910.0,-20.35,2277350.0,9.33,-2459431.0,-10.08,5147991.0,21.1,000869
2026-05-29,17.99,2.39,-293385.0,-1.07,0.0,0.0,-293385.0,-1.07,-424104.0,-1.54,717489.0,2.61,000869
2026-06-01,18.24,1.39,60697.0,0.28,0.0,0.0,60697.0,0.28,-3924021.0,-17.94,3863325.0,17.66,000869
2026-06-02,18.09,-0.82,38377.0,0.24,187872.0,1.17,-149495.0,-0.93,447147.0,2.78,-485524.0,-3.02,000869
2026-06-03,17.83,-1.44,-938985.0,-5.73,0.0,0.0,-938985.0,-5.73,927259.0,5.66,11726.0,0.07,000869
2026-06-04,17.37,-2.58,320393.0,2.04,0.0,0.0,320393.0,2.04,-1308239.0,-8.32,987846.0,6.28,000869
2026-06-05,17.61,1.38,408836.0,3.04,0.0,0.0,408836.0,3.04,-1667612.0,-12.41,1258776.0,9.37,000869
2026-06-08,17.27,-1.93,-401310.0,-2.32,-1401600.0,-8.09,1000290.0,5.78,485209.0,2.8,-83899.0,-0.48,000869
2026-06-09,17.26,-0.06,-210951.0,-2.24,0.0,0.0,-210951.0,-2.24,-158655.0,-1.68,369606.0,3.92,000869
2026-06-10,17.27,0.06,910870.0,7.04,0.0,0.0,910870.0,7.04,-1010424.0,-7.81,99554.0,0.77,000869
2026-06-11,17.03,-1.39,-386677.0,-2.25,0.0,0.0,-386677.0,-2.25,-690650.0,-4.02,1077327.0,6.27,000869
2026-06-12,17.49,2.7,-1225801.0,-6.33,31505.0,0.16,-1257306.0,-6.5,-1747277.0,-9.03,2973078.0,15.36,000869
2026-06-15,17.63,0.8,-93118.0,-0.7,0.0,0.0,-93118.0,-0.7,432747.0,3.26,-339629.0,-2.56,000869
2026-06-16,17.27,-2.04,-261733.0,-1.53,-5202.0,-0.03,-256531.0,-1.5,1174413.0,6.86,-912681.0,-5.33,000869
2026-06-17,16.96,-1.8,-883004.0,-5.17,0.0,0.0,-883004.0,-5.17,-985396.0,-5.77,1868400.0,10.95,000869
2026-06-18,16.71,-1.47,-1698766.0,-9.12,-1986990.0,-10.67,288224.0,1.55,1942681.0,10.43,-243915.0,-1.31,000869
2026-06-22,16.67,-0.24,-3736903.0,-16.45,-3280000.0,-14.44,-456903.0,-2.01,-207022.0,-0.91,3943925.0,17.36,000869
2026-06-23,16.89,1.32,-367416.0,-2.33,0.0,0.0,-367416.0,-2.33,-1200390.0,-7.62,1567806.0,9.96,000869
2026-06-24,16.46,-2.55,-191309.0,-1.56,0.0,0.0,-191309.0,-1.56,-482779.0,-3.95,674088.0,5.51,000869
2026-06-25,16.3,-0.97,-1324290.0,-8.85,0.0,0.0,-1324290.0,-8.85,59215.0,0.4,1265075.0,8.45,000869
2026-06-26,15.75,-3.37,-5456274.0,-19.95,-1598871.0,-5.85,-3857403.0,-14.1,-239942.0,-0.88,5696216.0,20.82,000869
2026-06-29,15.86,0.7,-5611001.0,-15.68,-7443413.0,-20.8,1832412.0,5.12,670973.0,1.88,4940028.0,13.81,000869
2026-06-30,15.58,-1.77,-2456331.0,-13.81,0.0,0.0,-2456331.0,-13.81,1876716.0,10.55,579617.0,3.26,000869
2026-07-01,15.81,1.48,1229272.0,5.24,0.0,0.0,1229272.0,5.24,-2070005.0,-8.82,840733.0,3.58,000869
2026-07-02,15.96,0.95,425680.0,2.12,0.0,0.0,425680.0,2.12,-1983473.0,-9.86,1557793.0,7.74,000869
2026-07-03,16.29,2.07,-418457.0,-2.15,0.0,0.0,-418457.0,-2.15,-2471330.0,-12.68,2889787.0,14.83,000869
2026-07-06,16.65,2.21,-1200879.0,-5.32,0.0,0.0,-1200879.0,-5.32,-1134358.0,-5.03,2335237.0,10.34,000869
2026-07-07,16.1,-3.3,-453605.0,-2.81,0.0,0.0,-453605.0,-2.81,596219.0,3.69,-142614.0,-0.88,000869
2026-07-08,16.37,1.68,947278.0,6.5,0.0,0.0,947278.0,6.5,-897749.0,-6.16,-49529.0,-0.34,000869
2026-07-09,16.27,-0.61,-461867.0,-3.12,0.0,0.0,-461867.0,-3.12,-247643.0,-1.67,709510.0,4.8,000869
2026-07-10,16.29,0.12,-598298.0,-4.13,-515712.0,-3.56,-82586.0,-0.57,630886.0,4.36,-32588.0,-0.23,000869
2026-07-13,16.15,-0.86,-361231.0,-2.14,0.0,0.0,-361231.0,-2.14,-1629139.0,-9.64,1990370.0,11.78,000869
2026-07-14,16.39,1.49,-832516.0,-5.71,0.0,0.0,-832516.0,-5.71,-503555.0,-3.46,1336071.0,9.17,000869
2026-07-15,16.84,2.75,-986740.0,-4.27,0.0,0.0,-986740.0,-4.27,-3023828.0,-13.1,4010568.0,17.37,000869
2026-07-16,17.01,1.01,-1571588.0,-8.54,0.0,0.0,-1571588.0,-8.54,-495116.0,-2.69,2066704.0,11.23,000869
2026-07-17,16.82,-1.12,438379.0,1.22,0.0,0.0,438379.0,1.22,-5440004.0,-15.11,5001625.0,13.9,000869
2026-07-20,17.11,1.72,-336983.0,-1.1,0.0,0.0,-336983.0,-1.1,1483157.0,4.82,-1146173.0,-3.73,000869
2026-07-21,17.2,0.53,321066.0,0.92,0.0,0.0,321066.0,0.92,-2041676.0,-5.83,1720611.0,4.92,000869
2026-07-22,16.97,-1.34,522629.0,1.97,0.0,0.0,522629.0,1.97,1077273.0,4.07,-1599902.0,-6.04,000869
2026-07-23,16.86,-0.65,-1737668.0,-9.51,0.0,0.0,-1737668.0,-9.51,-268941.0,-1.47,2006609.0,10.98,000869
2026-07-24,16.65,-1.25,327829.0,2.27,0.0,0.0,327829.0,2.27,813587.0,5.63,-1141416.0,-7.9,000869
2026-07-27,16.8,0.9,197281.0,0.8,0.0,0.0,197281.0,0.8,1548054.0,6.3,-1745335.0,-7.1,000869
2026-07-28,17.2,2.38,-843564.0,-3.25,0.0,0.0,-843564.0,-3.25,-1343209.0,-5.17,2186773.0,8.42,000869
2026-07-29,17.46,1.51,343297.0,1.38,0.0,0.0,343297.0,1.38,-981608.0,-3.96,638311.0,2.57,000869
2026-07-30,17.8,1.95,-3290516.0,-10.48,-1044288.0,-3.33,-2246228.0,-7.16,-2234492.0,-7.12,5525008.0,17.6,000869
2026-07-31,17.85,0.28,-1368852.0,-6.25,0.0,0.0,-1368852.0,-6.25,-376313.0,-1.72,1745165.0,7.97,000869
2026-08-03,17.82,-0.17,-153435.0,-0.75,0.0,0.0,-153435.0,-0.75,961140.0,4.68,-807705.0,-3.93,000869
2026-08-04,17.55,-1.52,1030494.0,5.36,1115608.0,5.81,-85114.0,-0.44,-1130947.0,-5.89,100453.0,0.52,000869
2026-08-05,17.49,-0.34,2464348.0,11.48,0.0,0.0,2464348.0,11.48,-239593.0,-1.12,-2224755.0,-10.36,000869
2026-08-06,17.34,-0.86,1262480.0,6.25,-460997.0,-2.28,1723477.0,8.54,651963.0,3.23,-1914443.0,-9.48,000869
2026-08-07,17.54,1.15,2770788.0,5.43,-2744217.0,-5.38,5515005.0,10.82,3636979.0,7.13,-6407768.0,-12.57,000869
2026-08-10,17.56,0.11,-4556863.0,-11.9,-1183159.0,-3.09,-3373704.0,-8.81,-2559480.0,-6.69,7116344.0,18.59,000869
2026-08-11,17.44,-0.68,3227333.0,11.69,3285781.0,11.9,-58448.0,-0.21,1482908.0,5.37,-4710241.0,-17.06,000869
2026-08-12,17.57,0.75,-1292661.0,-7.16,0.0,0.0,-1292661.0,-7.16,-2485847.0,-13.76,3778508.0,20.92,000869
2026-08-13,17.57,0.0,-287899.0,-1.82,0.0,0.0,-287899.0,-1.82,2086773.0,13.21,-1798874.0,-11.38,000869
2026-08-14,17.23,-1.94,-613001.0,-3.88,0.0,0.0,-613001.0,-3.88,929737.0,5.88,-316735.0,-2.0,000869
2026-08-17,17.28,0.29,-1571098.0,-9.8,311139.0,1.94,-1882237.0,-11.74,-1837900.0,-11.46,3408998.0,21.25,000869
2026-08-18,17.21,-0.41,-461169.0,-3.4,0.0,0.0,-461169.0,-3.4,-455014.0,-3.35,916183.0,6.75,000869
2026-08-19,16.91,-1.74,-710697.0,-4.58,0.0,0.0,-710697.0,-4.58,1603895.0,10.35,-893197.0,-5.76,000869
2026-08-20,17.35,2.6,1218580.0,4.95,0.0,0.0,1218580.0,4.95,-4351209.0,-17.68,3132629.0,12.73,000869
2026-08-21,16.0,-7.78,6429797.0,7.74,-2440549.0,-2.94,8870346.0,10.68,14446448.0,17.4,-20876243.0,-25.14,000869
2026-08-24,15.93,-0.44,-795551.0,-2.1,-2525496.0,-6.66,1729945.0,4.56,2737647.0,7.22,-1942096.0,-5.12,000869
2026-08-25,16.0,0.44,1088358.0,3.52,0.0,0.0,1088358.0,3.52,1142315.0,3.69,-2230673.0,-7.21,000869
2026-08-26,16.1,0.63,344560.0,1.18,0.0,0.0,344560.0,1.18,2505902.0,8.59,-2850462.0,-9.77,000869
2026-08-27,16.12,0.12,249956.0,1.22,0.0,0.0,249956.0,1.22,-770098.0,-3.75,520142.0,2.53,000869
2026-08-28,16.13,0.06,204018.0,0.98,2001360.0,9.58,-1797342.0,-8.6,251195.0,1.2,-455213.0,-2.18,000869
2026-08-31,16.04,-0.56,-814203.0,-4.89,0.0,0.0,-814203.0,-4.89,1402629.0,8.42,-588426.0,-3.53,000869
2026-09-01,16.22,1.12,-3812370.0,-9.88,-4749875.0,-12.31,937505.0,2.43,873052.0,2.26,2939318.0,7.62,000869
2026-09-02,16.22,0.0,3033381.0,11.92,3724530.0,14.63,-691149.0,-2.72,285312.0,1.12,-3318693.0,-13.04,000869
2026-09-03,16.13,-0.55,427526.0,2.98,0.0,0.0,427526.0,2.98,2110549.0,14.72,-2538075.0,-17.7,000869
2026-09-04,16.31,1.12,150893.0,0.48,0.0,0.0,150893.0,0.48,-981367.0,-3.1,830474.0,2.63,000869
2026-09-07,16.37,0.37,1161163.0,5.87,0.0,0.0,1161163.0,5.87,-1262618.0,-6.39,101455.0,0.51,000869
2026-09-08,16.68,1.89,1507848.0,3.42,-1010594.0,-2.29,2518442.0,5.71,-1707256.0,-3.87,199408.0,0.45,000869
2026-09-09,16.9,1.32,2113899.0,3.51,2235458.0,3.71,-121559.0,-0.2,924231.0,1.53,-3038130.0,-5.04,000869
2026-09-10,16.5,-2.37,-188978.0,-0.51,-1274422.0,-3.46,1085444.0,2.95,972778.0,2.64,-783800.0,-2.13,000869
2026-09-11,16.05,-2.73,-802111.0,-2.36,-867109.0,-2.55,64998.0,0.19,361016.0,1.06,441095.0,1.3,000869
2026-09-14,15.95,-0.62,-1237194.0,-4.9,0.0,0.0,-1237194.0,-4.9,4261784.0,16.87,-3024590.0,-11.97,000869
2026-09-15,15.68,-1.69,1243460.0,4.35,156638.0,0.55,1086822.0,3.8,2893459.0,10.13,-4136919.0,-14.48,000869
2026-09-16,15.89,1.34,3385143.0,12.66,-1422063.0,-5.32,4807206.0,17.98,118688.0,0.44,-3503831.0,-13.11,000869
2026-09-17,15.95,0.38,-629381.0,-2.77,0.0,0.0,-629381.0,-2.77,-539705.0,-2.37,1169086.0,5.14,000869
2026-09-18,16.21,1.63,1093802.0,4.57,0.0,0.0,1093802.0,4.57,1383288.0,5.79,-2477090.0,-10.36,000869
2026-09-21,16.78,3.52,4901800.0,10.18,1665144.0,3.46,3236656.0,6.72,-4410732.0,-9.16,-491069.0,-1.02,000869
2026-09-22,16.83,0.3,-928878.0,-1.65,0.0,0.0,-928878.0,-1.65,-9875248.0,-17.52,10804126.0,19.17,000869
