date,股票代码,open,close,high,low,volume,amount,amplitude,pct_change,change_amount,turnover_rate,stock_code,ma5,ma10,ma20,dif,dea,macd
2026-02-24,600660,59.7,60.29,60.41,58.52,269071,1640793861.0,3.25,3.63,2.11,1.34,600660,,,,0.0,0.0,0.0
2026-02-25,600660,60.04,60.62,61.14,59.99,147801,913555597.0,1.91,0.55,0.33,0.74,600660,,,,0.026324786324778415,0.005264957264955683,0.042119658119645464
2026-02-26,600660,60.63,60.33,61.06,59.99,109752,676166577.0,1.77,-0.48,-0.29,0.55,600660,,,,0.023515718216565062,0.00891510945527756,0.029201217522575006
2026-02-27,600660,60.01,59.2,60.25,59.2,142469,864997535.0,1.74,-1.87,-1.13,0.71,600660,,,,-0.06909555415558088,-0.00668702326689413,-0.1248170617773735
2026-03-02,600660,59.15,59.27,59.98,58.85,138996,842629380.0,1.91,0.12,0.07,0.69,600660,59.94199999999999,,,-0.13528278402942817,-0.03240617541940094,-0.20575321722005446
2026-03-03,600660,59.27,58.64,60.02,58.6,157127,950595059.0,2.4,-1.06,-0.63,0.78,600660,59.612,,,-0.23585360191885485,-0.07309566071929173,-0.3255158823991262
2026-03-04,600660,58.3,57.58,58.51,57.31,147051,867123937.0,2.05,-1.81,-1.06,0.73,600660,59.004,,,-0.3965190164827206,-0.13778033187197752,-0.5174773692214861
2026-03-05,600660,58.12,58.17,58.62,57.93,97351,579075045.0,1.2,1.02,0.59,0.49,600660,58.572,,,-0.4708122157394996,-0.20438670864548195,-0.5328510141880354
2026-03-06,600660,58.12,57.82,58.17,57.61,101442,598023673.0,0.96,-0.6,-0.35,0.51,600660,58.29600000000001,,,-0.5515739847784147,-0.27382416387206854,-0.5554996418126923
2026-03-09,600660,57.12,56.65,57.18,55.66,158593,912810099.0,2.63,-2.02,-1.17,0.79,600660,57.772000000000006,58.857000000000006,,-0.7018964649681223,-0.35943862409127936,-0.6849156817536859
2026-03-10,600660,56.94,57.8,57.99,56.92,108443,637959297.0,1.89,2.03,1.15,0.54,600660,57.604,58.608000000000004,,-0.7199337760572817,-0.4315376544844799,-0.5767922431456036
2026-03-11,600660,57.93,58.53,58.7,57.5,128443,764211348.0,2.08,1.26,0.73,0.64,600660,57.794,58.399,,-0.6676275807447283,-0.47875563973652957,-0.3777438820163974
2026-03-12,600660,58.5,58.7,58.9,58.1,111563,666095955.0,1.37,0.29,0.17,0.56,600660,57.9,58.236000000000004,,-0.6054773983118693,-0.5040999914515976,-0.2027548137205435
2026-03-13,600660,57.81,58.31,59.1,57.81,102435,611523826.0,2.2,-0.66,-0.39,0.51,600660,57.998000000000005,58.147000000000006,,-0.5809953192170454,-0.5194790570046871,-0.12303252442471657
2026-03-16,600660,57.9,57.75,58.31,56.77,148096,868530517.0,2.64,-0.96,-0.56,0.74,600660,58.218,57.99499999999999,,-0.5998655385106488,-0.5355563533058795,-0.12861837040953872
2026-03-17,600660,57.98,57.93,59.29,57.8,180171,1074201760.0,2.58,0.31,0.18,0.9,600660,58.24400000000001,57.924,,-0.5934548494841536,-0.5471360525415343,-0.09263759388523862
2026-03-18,600660,57.34,56.55,57.8,55.55,401491,2301085628.0,3.88,-2.38,-1.38,2.0,600660,57.848,57.821000000000005,,-0.6917546817342313,-0.5760597783800737,-0.2313898067083151
2026-03-19,600660,55.98,55.27,56.01,55.2,197823,1122773787.0,1.43,-2.26,-1.28,0.99,600660,57.162,57.53099999999999,,-0.8629952376938661,-0.6334468702428322,-0.4590967349020678
2026-03-20,600660,55.27,55.76,56.47,55.27,190807,1090127898.0,2.17,0.89,0.49,0.95,600660,56.652,57.325,,-0.9482350437853881,-0.6964045049513434,-0.5036610776680894
2026-03-23,600660,55.0,53.97,55.21,53.55,213296,1182088331.0,2.98,-3.21,-1.79,1.06,600660,55.896,57.056999999999995,57.95700000000001,-1.1470042930732163,-0.786524462575718,-0.7209596609949966
2026-03-24,600660,54.89,54.5,54.94,53.81,154988,859793154.0,2.09,0.98,0.53,0.77,600660,55.21,56.727,57.667500000000004,-1.2473847101155542,-0.8786965120836853,-0.7373763960637378
2026-03-25,600660,54.73,55.35,55.8,54.73,137280,777563937.0,1.96,1.56,0.85,0.69,600660,54.96999999999999,56.409000000000006,57.403999999999996,-1.2440088578254773,-0.9517589812320437,-0.5844997531868672
2026-03-26,600660,55.45,55.45,56.09,55.16,109529,622202233.0,1.68,0.18,0.1,0.55,600660,55.00600000000001,56.084,57.160000000000004,-1.219210012209878,-1.0052491874276106,-0.4279216495645346
2026-03-27,600660,54.97,56.49,56.6,54.82,152167,871482664.0,3.21,1.88,1.04,0.76,600660,55.152,55.902,57.0245,-1.1029236230556663,-1.0247840745532217,-0.15627909700488907
2026-03-30,600660,55.49,56.0,56.37,55.42,95604,546755537.0,1.68,-0.87,-0.49,0.48,600660,55.55799999999999,55.727,56.861000000000004,-1.0383354421165336,-1.027494348065884,-0.021682188101299182
2026-03-31,600660,55.81,55.8,56.88,55.8,104990,604313303.0,1.93,-0.36,-0.2,0.52,600660,55.818,55.513999999999996,56.71900000000001,-0.9918536998751577,-1.020366218427739,0.05702503710516238
2026-04-01,600660,56.7,56.77,56.98,56.35,128554,744644691.0,1.13,1.74,0.97,0.64,600660,56.102,55.536,56.6785,-0.8667542870094067,-0.9896438321440726,0.24577909026933176
2026-04-02,600660,56.41,57.14,57.3,56.31,102096,593646229.0,1.74,0.65,0.37,0.51,600660,56.44,55.723,56.62700000000001,-0.7293487152540763,-0.9375848087660733,0.416472187023994
2026-04-03,600660,57.18,56.89,57.28,56.37,79214,458728736.0,1.59,-0.44,-0.25,0.4,600660,56.52,55.836,56.580499999999994,-0.6333261309414624,-0.8767330732011511,0.48681388451937746
2026-04-07,600660,56.9,56.11,57.15,55.56,90742,519308781.0,2.79,-1.37,-0.78,0.45,600660,56.541999999999994,56.05,56.55350000000001,-0.6130995918823814,-0.8240063769373973,0.42181357011003184
2026-04-08,600660,56.9,56.85,57.0,56.29,108398,627411284.0,1.27,1.32,0.74,0.54,600660,56.751999999999995,56.285000000000004,56.50600000000001,-0.5312343593787432,-0.7654519734256665,0.46843522809384663
2026-04-09,600660,56.66,56.48,57.5,56.3,83880,486122616.0,2.11,-0.65,-0.37,0.42,600660,56.694,56.398,56.403499999999994,-0.4905566489057662,-0.7104729085216864,0.4398325192318404
2026-04-10,600660,56.48,56.21,56.66,56.08,97021,558258670.0,1.03,-0.48,-0.27,0.48,600660,56.507999999999996,56.474000000000004,56.27900000000001,-0.47463472020008624,-0.6633052708573663,0.3773411013145602
2026-04-13,600660,56.0,56.16,56.95,55.68,91660,527391122.0,2.26,-0.09,-0.05,0.46,600660,56.362,56.440999999999995,56.171499999999995,-0.46073993594121276,-0.6227922038741357,0.32410453586584587
2026-04-14,600660,56.5,57.37,57.58,56.25,133723,777741065.0,2.37,2.15,1.21,0.67,600660,56.614,56.577999999999996,56.152499999999996,-0.3480788948729696,-0.5678495420739025,0.43954129440186573
2026-04-15,600660,57.68,57.83,58.0,57.37,108526,639058734.0,1.1,0.8,0.46,0.54,600660,56.81,56.78099999999999,56.1475,-0.2191498297069856,-0.49810959960051915,0.5579195397870671
2026-04-16,600660,57.77,57.95,58.48,57.61,101076,598879055.0,1.5,0.21,0.12,0.5,600660,57.104,56.899,56.217499999999994,-0.10606694583384524,-0.4197010688471844,0.6272682460266783
2026-04-17,600660,57.85,57.59,57.86,57.3,83828,492155778.0,0.97,-0.62,-0.36,0.42,600660,57.379999999999995,56.944,56.333499999999994,-0.04497845338812567,-0.3447565457553727,0.599556184734494
2026-04-20,600660,57.79,58.96,59.77,57.6,184588,1113613251.0,3.77,2.38,1.37,0.92,600660,57.94,57.150999999999996,56.4935,0.1126832253472756,-0.25326859153484305,0.7319036337642373
2026-04-21,600660,58.96,59.0,59.9,58.8,126171,763846137.0,1.87,0.07,0.04,0.63,600660,58.266,57.44,56.74499999999999,0.23811407648928196,-0.15499205793001805,0.7862122688386
2026-04-22,600660,57.31,59.19,59.3,57.01,230376,1374695961.0,3.88,0.32,0.19,1.15,600660,58.538,57.674,56.979499999999994,0.3488292552872707,-0.0542277952865603,0.806114101147662
2026-04-23,600660,59.39,58.74,59.54,58.45,115512,693389012.0,1.84,-0.76,-0.45,0.58,600660,58.696000000000005,57.9,57.149,0.39569921867274616,0.035757607505301,0.7198832223348903
2026-04-24,600660,58.55,57.83,58.55,57.38,126130,742991974.0,1.99,-1.55,-0.91,0.63,600660,58.74399999999999,58.06199999999999,57.267999999999994,0.35531871455968655,0.09966982891617812,0.5112977712870168
2026-04-27,600660,57.72,58.25,59.88,57.44,164323,989049109.0,4.22,0.73,0.42,0.82,600660,58.602,58.270999999999994,57.355999999999995,0.3531366248464778,0.1503631881022381,0.4055468734884794
2026-04-28,600660,58.26,58.22,58.63,57.9,92943,552183011.0,1.25,-0.05,-0.03,0.46,600660,58.446000000000005,58.355999999999995,57.467,0.34500949900454714,0.18929245028269992,0.31143409744369444
2026-04-29,600660,58.03,58.2,58.46,57.75,110290,653436264.0,1.22,-0.03,-0.02,0.55,600660,58.248000000000005,58.39300000000001,57.587,0.33311491894031775,0.2180569440142235,0.23011594985218847
2026-04-30,600660,58.2,57.67,58.29,57.6,99656,588540302.0,1.19,-0.91,-0.53,0.5,600660,58.034000000000006,58.364999999999995,57.632000000000005,0.27772041981375395,0.22998963917412962,0.09546156127924865
2026-05-06,600660,59.02,58.11,59.8,58.01,354718,2136395905.0,3.1,0.76,0.44,1.77,600660,58.089999999999996,58.416999999999994,57.680499999999995,0.26625498124093383,0.23724270758749047,0.05802454730688672
2026-05-07,600660,58.67,58.22,58.68,57.3,232337,1374587168.0,2.37,0.19,0.11,1.16,600660,58.084,58.343,57.747,0.26301277174665216,0.2423967204193228,0.04123210265465871
2026-05-08,600660,58.21,58.79,59.6,57.93,177373,1062469213.0,2.87,0.98,0.57,0.89,600660,58.198,58.322,57.88099999999999,0.3029453680488956,0.25450644994523736,0.09687783620731649
2026-05-11,600660,58.78,58.2,58.81,58.05,148785,886155043.0,1.29,-1.0,-0.59,0.74,600660,58.198,58.223,57.9485,0.2837136942908316,0.2603478988143562,0.04673159095295076
2026-05-12,600660,58.21,58.25,58.43,57.91,123222,731747841.0,0.89,0.09,0.05,0.62,600660,58.314,58.174,58.037,0.2694015431209422,0.26215862767567344,0.014485830890537565
2026-05-13,600660,58.01,57.14,58.22,56.89,179031,1024976507.0,2.28,-1.91,-1.11,0.89,600660,58.120000000000005,58.105000000000004,58.083499999999994,0.1665712076673742,0.2430411436740136,-0.1529398720132788
2026-05-14,600660,57.16,56.71,57.48,56.64,114125,650311945.0,1.47,-0.75,-0.43,0.57,600660,57.818000000000005,57.95100000000001,58.111000000000004,0.049805888349993666,0.20439409260920963,-0.3091764085184319
2026-05-15,600660,57.41,56.0,57.45,55.91,157416,887337195.0,2.72,-1.25,-0.71,0.79,600660,57.260000000000005,57.729000000000006,58.0425,-0.09888267679439622,0.14373873872848847,-0.4852428310457694
2026-05-18,600660,56.01,55.41,56.12,54.08,183599,1007331077.0,3.64,-1.05,-0.59,0.92,600660,56.702,57.45,57.9215,-0.2613152258186986,0.06272794581905106,-0.6480863432754993
2026-05-19,600660,55.41,55.08,55.7,54.68,98657,543202659.0,1.84,-0.6,-0.33,0.49,600660,56.068,57.190999999999995,57.778,-0.41192402946088436,-0.032202449236936034,-0.7594431604478966
2026-05-20,600660,55.18,54.29,55.2,54.04,117556,639051994.0,2.11,-1.43,-0.79,0.59,600660,55.498000000000005,56.809000000000005,57.613,-0.5882480319787149,-0.14341156578529182,-0.8896729323868462
2026-05-21,600660,54.31,54.34,55.32,54.29,132226,723202116.0,1.9,0.09,0.05,0.66,600660,55.024,56.42100000000001,57.382000000000005,-0.7157013327322446,-0.25786951917468237,-0.9156636271151244
2026-05-22,600660,54.6,55.27,55.45,53.8,173428,948717519.0,3.04,1.71,0.93,0.87,600660,54.878,56.069,57.1955,-0.7332137326646944,-0.3529383618726848,-0.7605507415840191
2026-05-25,600660,55.27,53.83,55.27,53.63,150680,814502533.0,2.97,-2.61,-1.44,0.75,600660,54.562,55.63199999999999,56.927499999999995,-0.8534503567409573,-0.4530407608463393,-0.8008191917892359
2026-05-26,600660,53.83,53.49,54.21,53.11,140885,755016411.0,2.04,-0.63,-0.34,0.7,600660,54.24400000000001,55.15599999999999,56.665,-0.9650494171227422,-0.5554424921016199,-0.8192138500422446
2026-05-27,600660,53.3,52.75,53.38,52.22,153854,808981603.0,2.17,-1.38,-0.74,0.77,600660,53.936,54.717,56.411,-1.100518203266617,-0.6644576343346194,-0.8721211378639953
2026-05-28,600660,52.75,51.99,52.75,51.75,104494,544201019.0,1.9,-1.44,-0.76,0.52,600660,53.465999999999994,54.245000000000005,56.098,-1.254739979268038,-0.7825141033213031,-0.9444517518934699
2026-05-29,600660,52.09,52.66,53.29,51.41,165118,869033061.0,3.62,1.29,0.67,0.82,600660,52.943999999999996,53.911,55.82000000000001,-1.307822681499708,-0.8875758189569842,-0.8404937250854476
2026-06-01,600660,52.66,52.48,53.08,52.06,113250,593692953.0,1.94,-0.34,-0.18,0.57,600660,52.674,53.617999999999995,55.534000000000006,-1.3488667053963255,-0.9798339962448526,-0.7380654183029458
2026-06-02,600660,52.5,54.24,54.35,52.35,203596,1091739782.0,3.81,3.35,1.76,1.02,600660,52.824,53.534000000000006,55.3625,-1.2252531434304714,-1.0289178256819764,-0.39267063549699
2026-06-03,600660,54.14,53.88,54.14,53.25,100136,538600662.0,1.64,-0.66,-0.36,0.5,600660,53.05,53.49300000000001,55.150999999999996,-1.143159861053455,-1.0517662327562722,-0.18278725659436557
2026-06-04,600660,53.58,53.5,54.08,53.18,100031,535531323.0,1.67,-0.71,-0.38,0.5,600660,53.352,53.409000000000006,54.915,-1.0961276898343826,-1.0606385241718943,-0.07097833132497655
2026-06-05,600660,53.42,53.6,53.97,53.2,83960,449442977.0,1.44,0.19,0.1,0.42,600660,53.54,53.242000000000004,54.6555,-1.0388104310179074,-1.056272905541097,0.03492494904637944
2026-06-08,600660,53.25,53.15,53.37,52.52,94720,501258374.0,1.59,-0.84,-0.45,0.47,600660,53.674,53.174,54.403,-1.0179628871472488,-1.0486109018623275,0.06129602943015744
2026-06-09,600660,53.14,53.41,53.98,52.76,90732,485774761.0,2.3,0.49,0.26,0.45,600660,53.507999999999996,53.166,54.161,-0.96928788397625,-1.032746298285112,0.12691682861772424
2026-06-10,600660,53.2,53.05,53.41,52.46,80849,428158266.0,1.78,-0.67,-0.36,0.4,600660,53.342,53.19599999999999,53.956500000000005,-0.9488241306773091,-1.0159618647635515,0.13427546817248492
2026-06-11,600660,53.1,52.41,53.13,51.88,90761,475429320.0,2.36,-1.21,-0.64,0.45,600660,53.124,53.238,53.741499999999995,-0.9730325959766972,-1.0073760110061807,0.06868683005896692
2026-06-12,600660,52.5,52.35,52.95,51.95,102578,538030242.0,1.91,-0.11,-0.06,0.51,600660,52.874,53.206999999999994,53.55899999999999,-0.9856969765277555,-1.0030402041104958,0.034686455165480634
2026-06-15,600660,52.6,52.41,52.88,51.88,103292,540217019.0,1.91,0.11,0.06,0.52,600660,52.726,53.2,53.409000000000006,-0.9795998732383779,-0.9983521379360722,0.03750452939538862
2026-06-16,600660,52.22,50.65,52.29,50.35,163843,838411260.0,3.7,-3.36,-1.76,0.82,600660,52.174,52.840999999999994,53.1875,-1.10405826954171,-1.0194933642571997,-0.16912981056902066
2026-06-17,600660,50.25,50.69,50.95,49.64,107461,540402595.0,2.59,0.08,0.04,0.54,600660,51.702,52.522000000000006,53.00749999999999,-1.185795665283159,-1.0527538244623915,-0.26608368164153484
2026-06-18,600660,50.48,49.95,50.83,49.83,97751,490921160.0,1.97,-1.46,-0.74,0.49,600660,51.21,52.16700000000001,52.788,-1.2953529335674006,-1.1012736462833934,-0.3881585745680143
2026-06-22,600660,49.64,50.05,50.49,48.5,139292,691515022.0,3.98,0.2,0.1,0.7,600660,50.75,51.812,52.527,-1.3584493354018576,-1.1527087841070862,-0.41148110258954285
2026-06-23,600660,50.06,49.25,50.45,49.03,117799,584544340.0,2.84,-1.6,-0.8,0.59,600660,50.117999999999995,51.422000000000004,52.298,-1.4562205979741236,-1.2134111468804938,-0.48561890218725967
2026-06-24,600660,49.14,48.13,49.55,48.11,128096,622136780.0,2.92,-2.27,-1.12,0.64,600660,49.614000000000004,50.894,52.029999999999994,-1.6055716373344708,-1.291843244971289,-0.6274567847263635
2026-06-25,600660,48.12,48.01,48.4,47.53,178369,854019210.0,1.81,-0.25,-0.12,0.89,600660,49.077999999999996,50.39,51.793000000000006,-1.7138600968067053,-1.3762466153383723,-0.6752269629366658
2026-06-26,600660,48.07,50.43,50.66,47.8,303282,1507685115.0,5.96,5.04,2.42,1.51,600660,49.174,50.192,51.714999999999996,-1.5861218801902979,-1.4182216683087574,-0.33580042376308095
2026-06-29,600660,50.3,52.15,52.19,49.5,269868,1389275856.0,5.33,3.41,1.72,1.35,600660,49.593999999999994,50.172,51.689499999999995,-1.3307586406168639,-1.4007290627703788,0.1399408443070298
2026-06-30,600660,51.58,50.44,52.45,50.3,139505,708588164.0,4.12,-3.28,-1.71,0.7,600660,49.831999999999994,49.975,51.5875,-1.2519326421976018,-1.3709697786558235,0.23807427291644334
2026-07-01,600660,49.67,50.0,50.72,49.21,111540,557287661.0,2.99,-0.87,-0.44,0.56,600660,50.205999999999996,49.91,51.3755,-1.2110070577699972,-1.3389772344786584,0.25594035341732235
2026-07-02,600660,50.09,49.81,50.46,49.37,127537,635997337.0,2.18,-0.38,-0.19,0.64,600660,50.565999999999995,49.821999999999996,51.172000000000004,-1.1802988983720724,-1.3072415672573414,0.2538853377705381
2026-07-03,600660,49.9,50.93,51.66,49.87,129128,657162005.0,3.59,2.25,1.12,0.64,600660,50.666,49.92,51.0435,-1.053444370087412,-1.2564821278233556,0.4060755154718869
2026-07-06,600660,51.26,53.78,54.15,50.73,282637,1504469985.0,6.72,5.6,2.85,1.41,600660,50.992000000000004,50.293,51.052499999999995,-0.7147014277551236,-1.1481259878097092,0.8668491201091713
2026-07-07,600660,53.69,53.08,54.0,52.84,180461,963592862.0,2.16,-1.3,-0.7,0.9,600660,51.519999999999996,50.676,51.049,-0.4970002458394589,-1.0179008394156592,1.0418011871524007
2026-07-08,600660,52.9,51.81,52.95,51.66,173866,906937602.0,2.43,-2.39,-1.27,0.87,600660,51.88199999999999,51.044,50.968999999999994,-0.42208336261961676,-0.8987373440564508,0.953307962873668
2026-07-09,600660,51.43,50.68,51.7,50.45,115603,587236146.0,2.41,-2.18,-1.13,0.58,600660,52.056,51.311,50.8505,-0.44872018217535725,-0.8087339116802321,0.7200274590097497
2026-07-10,600660,50.58,50.79,51.63,49.89,114954,585248558.0,3.43,0.22,0.11,0.57,600660,52.028,51.347,50.7695,-0.45570093616146323,-0.7381273165764785,0.5648527608300304
2026-07-13,600660,50.61,51.0,51.04,49.86,131472,663319235.0,2.32,0.41,0.21,0.66,600660,51.472,51.232000000000006,50.702,-0.4392248780461827,-0.6783468288704193,0.4782439016484732
2026-07-14,600660,50.44,50.7,50.7,49.98,78327,394574646.0,1.41,-0.59,-0.3,0.39,600660,50.995999999999995,51.258,50.6165,-0.44524249772171487,-0.6317259626406785,0.37296692983792723
2026-07-15,600660,50.9,52.9,53.27,50.58,173690,912382340.0,5.31,4.34,2.2,0.87,600660,51.214,51.548,50.729,-0.26938459293506156,-0.5592576886995551,0.579746191528987
2026-07-16,600660,52.8,53.0,53.68,52.11,131310,695521916.0,2.97,0.19,0.1,0.66,600660,51.678,51.867000000000004,50.8445,-0.12055706533372756,-0.4715175640263896,0.7019209973853241
2026-07-17,600660,53.74,53.88,54.39,53.13,203929,1100650351.0,2.38,1.66,0.88,1.02,600660,52.29600000000001,52.162,51.041000000000004,0.06761899834634022,-0.3636902515518437,0.8626184997963678
2026-07-20,600660,53.74,54.94,54.96,53.56,160485,874948397.0,2.6,1.97,1.06,0.8,600660,53.084,52.278,51.2855,0.2988382049521263,-0.23118456025104972,1.060045530406352
2026-07-21,600660,54.98,54.8,56.66,54.17,180478,998730521.0,4.53,-0.25,-0.14,0.9,600660,53.903999999999996,52.45,51.563,0.46541919924496256,-0.09186380835184726,1.1145660151936196
2026-07-22,600660,54.28,55.69,55.8,54.03,159548,878989733.0,3.23,1.62,0.89,0.8,600660,54.462,52.838,51.940999999999995,0.6616246027593462,0.05883387387039145,1.2055814577779096
2026-07-23,600660,55.14,56.41,56.53,55.0,116158,652438835.0,2.75,1.29,0.72,0.58,600660,55.14399999999999,53.411,52.361000000000004,0.8652428009229354,0.22011565928090024,1.2902542832840702
2026-07-24,600660,56.4,55.67,56.8,55.57,77249,431949766.0,2.18,-1.31,-0.74,0.39,600660,55.501999999999995,53.899,52.623000000000005,0.9558810724081042,0.36726874190634107,1.1772246610035262
2026-07-27,600660,55.55,55.28,56.1,55.0,128585,711486729.0,1.98,-0.7,-0.39,0.64,600660,55.57000000000001,54.327,52.7795,0.9848896204673281,0.4907929176185385,0.9881934056975792
2026-07-28,600660,55.21,56.32,56.38,55.1,112278,628329443.0,2.32,1.88,1.04,0.56,600660,55.874,54.888999999999996,53.0735,1.0793562650098352,0.6085055870967979,0.9417013558260745
2026-07-29,600660,56.4,59.1,59.48,56.35,269303,1580279044.0,5.56,4.94,2.78,1.34,600660,56.556,55.509,53.528499999999994,1.3628346188250688,0.7593713934424522,1.2069264507652333
2026-07-30,600660,59.0,59.8,60.0,58.7,184613,1098631715.0,2.2,1.18,0.7,0.92,600660,57.234,56.189,54.028,1.6252426211723403,0.9325456389884299,1.3853939643678208
2026-07-31,600660,58.2,59.7,59.74,57.7,163220,959251599.0,3.41,-0.17,-0.1,0.81,600660,58.04,56.771,54.466499999999996,1.8043344449923069,1.1069034001892053,1.3948620896062032
2026-08-03,600660,59.7,57.81,59.89,57.75,154962,902644226.0,3.58,-3.17,-1.89,0.77,600660,58.54600000000001,57.05799999999999,54.66799999999999,1.7733171053071786,1.2401861412128,1.0662619281887573
2026-08-04,600660,57.81,56.93,57.98,56.71,145240,828106459.0,2.2,-1.52,-0.88,0.73,600660,58.668000000000006,57.271,54.8605,1.6586075986557915,1.3238704327013984,0.6694743319087864
2026-08-05,600660,56.88,56.58,57.18,56.13,128299,725193029.0,1.84,-0.61,-0.35,0.64,600660,58.164,57.36,55.099000000000004,1.5219137390439528,1.3634790939699093,0.31686929014808696
2026-08-06,600660,56.58,56.05,56.58,55.85,96033,538818925.0,1.29,-0.94,-0.53,0.48,600660,57.414,57.324,55.36749999999999,1.3551944616951417,1.3618221675149558,-0.013255411639628178
2026-08-07,600660,56.2,55.4,56.4,55.18,126318,701956008.0,2.18,-1.16,-0.65,0.63,600660,56.553999999999995,57.297000000000004,55.598,1.1572782818726282,1.3209133903864902,-0.3272702170277242
2026-08-10,600660,55.09,56.59,56.75,55.0,115539,648806108.0,3.16,2.15,1.19,0.58,600660,56.31,57.42800000000001,55.8775,1.083956166263853,1.2735219455619629,-0.3791315585962196
2026-08-11,600660,56.6,55.79,56.95,55.7,83035,467414619.0,2.21,-1.41,-0.8,0.41,600660,56.081999999999994,57.375,56.13199999999999,0.9503396236499739,1.208885481179565,-0.5170917150591823
2026-08-12,600660,55.55,55.43,55.7,54.83,79022,436581976.0,1.56,-0.65,-0.36,0.39,600660,55.852,57.007999999999996,56.25849999999999,0.8061062683410967,1.1283296386118715,-0.6444467405415497
2026-08-13,600660,55.59,54.87,55.59,54.71,73231,402671477.0,1.59,-1.01,-0.56,0.37,600660,55.616,56.515,56.35200000000001,0.6392441663943629,1.0305125441683698,-0.7825367555480138
2026-08-14,600660,54.71,56.27,56.48,54.3,143794,801019561.0,3.97,2.55,1.4,0.72,600660,55.79,56.172000000000004,56.471500000000006,0.6129078282150715,0.9469916009777102,-0.6681675455252774
2026-08-17,600660,56.28,55.66,56.28,55.0,91144,507887387.0,2.27,-1.08,-0.61,0.46,600660,55.604,55.95700000000001,56.50749999999999,0.536628271770148,0.8649189351361978,-0.6565813267320995
2026-08-18,600660,55.6,56.16,56.35,55.42,73412,411870055.0,1.67,0.9,0.5,0.37,600660,55.678,55.879999999999995,56.5755,0.5106357045068108,0.7940622890103205,-0.5668531690070193
2026-08-19,600660,54.91,57.9,58.47,54.9,319405,1841895111.0,6.36,3.1,1.74,1.59,600660,56.172000000000004,56.012,56.686,0.623255366001267,0.7599009044085098,-0.2732910768144856
2026-08-20,600660,57.35,57.82,58.08,56.9,140638,808719535.0,2.04,-0.14,-0.08,0.7,600660,56.762,56.189,56.7565,0.6980057518900722,0.7475218739048223,-0.09903224402950017
2026-08-21,600660,57.82,56.76,58.52,56.69,76560,438226014.0,3.16,-1.83,-1.06,0.38,600660,56.85999999999999,56.325,56.811,0.6640579829780009,0.730829095719458,-0.13354222548291417
2026-08-24,600660,56.61,56.49,57.15,56.09,70695,400275993.0,1.87,-0.48,-0.27,0.35,600660,57.025999999999996,56.315,56.871500000000005,0.6083546542522598,0.7063342074260184,-0.19595910634751723
2026-08-25,600660,56.8,57.67,58.1,56.36,136722,787309142.0,3.08,2.09,1.18,0.68,600660,57.327999999999996,56.503,56.93900000000001,0.6519106826950392,0.6954495024798226,-0.08707763956956693
2026-08-26,600660,57.37,57.2,57.79,56.88,57789,330824783.0,1.58,-0.81,-0.47,0.29,600660,57.188,56.67999999999999,56.843999999999994,0.6411137171422894,0.684582345412316,-0.08693725654005324
2026-08-27,600660,56.92,56.8,57.3,56.32,75492,427080192.0,1.71,-0.7,-0.4,0.38,600660,56.984,56.873000000000005,56.694,0.5934395849611533,0.6663537933220836,-0.14582841672186042
2026-08-28,600660,56.74,57.36,57.57,56.4,70812,404126665.0,2.06,0.99,0.56,0.35,600660,57.104,56.98199999999999,56.577,0.5939975772983175,0.6518825501173303,-0.11576994563802567
2026-08-31,600660,57.34,56.59,57.49,55.9,109705,619986823.0,2.77,-1.34,-0.77,0.55,600660,57.124,57.075,56.516,0.5262410461972564,0.6267542493333156,-0.20102640627211832
2026-09-01,600660,56.5,57.85,58.49,56.32,113543,656995529.0,3.83,2.23,1.26,0.57,600660,57.160000000000004,57.24400000000001,56.562,0.5676712164605533,0.6149376427587632,-0.09453285259641975
2026-09-02,600660,57.92,56.37,58.45,56.3,82392,468754663.0,3.72,-2.56,-1.48,0.41,600660,56.99399999999999,57.090999999999994,56.5515,0.47559888585247734,0.5870698913775061,-0.2229420110500575
2026-09-03,600660,56.4,57.01,57.35,56.4,72442,412366079.0,1.69,1.14,0.64,0.36,600660,57.036,57.010000000000005,56.5995,0.4490966452239036,0.5594752421467856,-0.22075719384576398
2026-09-04,600660,57.0,57.33,57.92,56.05,87443,502798002.0,3.28,0.56,0.32,0.44,600660,57.029999999999994,57.06700000000001,56.696000000000005,0.4487419365237528,0.5373285810221791,-0.17717328899685247
2026-09-07,600660,57.2,55.75,57.67,55.51,132297,741341694.0,3.77,-2.76,-1.58,0.66,600660,56.862,56.99300000000001,56.65400000000001,0.31731027658460675,0.4933249201346646,-0.3520292871001157
2026-09-08,600660,55.88,54.17,55.98,54.1,149746,816893258.0,3.37,-2.83,-1.58,0.75,600660,56.126,56.642999999999994,56.573,0.0846807962723517,0.41159609536220204,-0.6538305981797007
2026-09-09,600660,54.3,55.14,55.52,53.85,105739,579842248.0,3.08,1.79,0.97,0.53,600660,55.879999999999995,56.437,56.5585,-0.02116487401527678,0.3250439014867063,-0.6924175510039662
2026-09-10,600660,55.15,54.3,55.22,54.2,92211,502240734.0,1.85,-1.52,-0.84,0.46,600660,55.338,56.187,56.529999999999994,-0.17085974533447512,0.22586317212247004,-0.7934458349138903
2026-09-11,600660,54.5,54.01,54.5,53.9,51004,276255724.0,1.1,-0.53,-0.29,0.25,600660,54.674,55.852,56.416999999999994,-0.30932883545253986,0.11882477060746807,-0.8563072121200159
